width,height,aspect_ratio,has_curves,is_organic,is_symmetric,shape_type_code
1.3354,1.1298,0.846,0,0,1,0
0.709,0.4235,0.5973,0,0,1,1
1.7605,4.097,2.3271,1,1,1,2
1.22,3.9031,3.1993,1,1,1,3
1.5474,5.0234,3.2464,1,1,1,4
1.6635,1.9123,1.1496,1,1,1,5
0.3967,0.3577,0.9018,1,0,1,6
0.6757,0.7749,1.1467,0,0,1,0
0.8374,0.5639,0.6734,0,0,1,1
1.7335,3.5999,2.0767,1,1,1,2
1.9515,6.6716,3.4187,1,1,1,3
1.9226,7.3379,3.8166,1,1,1,4
1.4385,1.6888,1.174,1,1,1,5
1.8251,1.5203,0.833,1,0,1,6
0.7459,0.6856,0.9192,0,0,1,0
1.2234,0.6869,0.5614,0,0,1,1
1.3818,3.4209,2.4756,1,1,1,2
1.8447,6.5928,3.5738,1,1,1,3
1.1929,5.5546,4.6562,1,1,1,4
0.6076,0.6136,1.0099,1,1,1,5
1.0003,1.1816,1.1812,1,0,1,6
1.4427,1.6533,1.146,0,0,1,0
0.7684,0.5656,0.7361,0,0,1,1
0.6517,1.8879,2.8967,1,1,1,2
1.9891,5.739,2.8853,1,1,1,3
1.0566,4.6249,4.3772,1,1,1,4
0.9991,1.2281,1.2291,1,1,1,5
0.9786,1.0675,1.0908,1,0,1,6
1.498,1.6,1.0681,0,0,1,0
1.2181,0.89,0.7307,0,0,1,1
0.6386,1.4087,2.2061,1,1,1,2
0.7936,2.6623,3.3549,1,1,1,3
0.8093,3.4394,4.2495,1,1,1,4
0.9867,1.0157,1.0293,1,1,1,5
0.7138,0.6596,0.9241,1,0,1,6
0.7171,0.7424,1.0352,0,0,1,0
1.5242,1.1727,0.7694,0,0,1,1
0.4747,1.2793,2.6953,1,1,1,2
1.1557,4.0823,3.5324,1,1,1,3
0.6376,2.9581,4.6395,1,1,1,4
1.9412,2.4174,1.2453,1,1,1,5
0.3411,0.4091,1.1995,1,0,1,6
0.7954,0.7895,0.9925,0,0,1,0
1.2684,0.7329,0.5778,0,0,1,1
1.3392,2.6852,2.0051,1,1,1,2
1.8021,6.2069,3.4442,1,1,1,3
1.5578,7.3634,4.7269,1,1,1,4
1.039,1.0895,1.0487,1,1,1,5
0.7336,0.8468,1.1544,1,0,1,6
1.3488,1.3182,0.9773,0,0,1,0
1.1332,0.6674,0.5889,0,0,1,1
0.8298,1.6966,2.0447,1,1,1,2
1.5163,5.0077,3.3024,1,1,1,3
1.6207,7.6279,4.7065,1,1,1,4
1.8385,1.9548,1.0633,1,1,1,5
1.7363,1.7726,1.0209,1,0,1,6
1.7092,1.9981,1.169,0,0,1,0
1.3169,0.8828,0.6704,0,0,1,1
1.4801,3.6005,2.4327,1,1,1,2
0.518,1.5446,2.9816,1,1,1,3
0.648,2.7417,4.231,1,1,1,4
0.4795,0.6318,1.3176,1,1,1,5
0.8686,0.6974,0.8029,1,0,1,6
1.4917,1.7716,1.1877,0,0,1,0
0.5053,0.3415,0.6758,0,0,1,1
1.5346,3.1618,2.0604,1,1,1,2
0.3272,1.1409,3.4865,1,1,1,3
1.5386,6.3616,4.1346,1,1,1,4
1.1888,1.3079,1.1003,1,1,1,5
1.3138,1.4792,1.1259,1,0,1,6
0.4318,0.4109,0.9514,0,0,1,0
1.0959,0.7631,0.6963,0,0,1,1
0.4192,0.9146,2.1815,1,1,1,2
0.8641,2.6012,3.0101,1,1,1,3
0.4609,1.6331,3.5432,1,1,1,4
0.9037,1.231,1.3622,1,1,1,5
0.3441,0.3891,1.1307,1,0,1,6
1.8715,1.4989,0.8009,0,0,1,0
1.9912,1.4908,0.7487,0,0,1,1
0.5705,1.4146,2.4795,1,1,1,2
0.5823,2.063,3.5427,1,1,1,3
1.8888,7.16,3.7909,1,1,1,4
1.0717,1.0709,0.9992,1,1,1,5
0.843,0.9736,1.1549,1,0,1,6
1.9955,2.3648,1.1851,0,0,1,0
0.8462,0.589,0.6961,0,0,1,1
1.9978,5.9404,2.9734,1,1,1,2
0.3761,1.1035,2.9343,1,1,1,3
1.5073,5.9015,3.9153,1,1,1,4
1.4401,1.8153,1.2605,1,1,1,5
1.4254,1.6944,1.1888,1,0,1,6
1.3025,1.0897,0.8366,0,0,1,0
1.6516,1.0228,0.6192,0,0,1,1
1.1541,2.7126,2.3503,1,1,1,2
0.5918,1.9198,3.2442,1,1,1,3
0.5721,2.3807,4.1617,1,1,1,4
0.8656,1.1744,1.3568,1,1,1,5
1.7122,1.7442,1.0187,1,0,1,6
0.8568,1.0176,1.1876,0,0,1,0
1.9379,1.1332,0.5847,0,0,1,1
1.8624,5.5674,2.9893,1,1,1,2
1.1393,3.897,3.4206,1,1,1,3
1.2502,4.9381,3.9498,1,1,1,4
1.8279,1.8485,1.0113,1,1,1,5
1.9865,2.078,1.0461,1,0,1,6
0.903,0.9726,1.077,0,0,1,0
0.3785,0.2303,0.6086,0,0,1,1
0.9049,2.1054,2.3268,1,1,1,2
1.4203,4.2257,2.9753,1,1,1,3
0.804,2.6832,3.3375,1,1,1,4
1.4087,1.4899,1.0576,1,1,1,5
1.4591,1.5041,1.0309,1,0,1,6
0.3379,0.2996,0.8868,0,0,1,0
1.0764,0.6145,0.5709,0,0,1,1
1.2166,3.5008,2.8776,1,1,1,2
1.2252,3.713,3.0306,1,1,1,3
1.8068,7.2747,4.0263,1,1,1,4
1.6932,1.9588,1.1569,1,1,1,5
1.3101,1.4842,1.1329,1,0,1,6
1.618,1.4228,0.8794,0,0,1,0
0.3897,0.2188,0.5615,0,0,1,1
0.7284,1.88,2.5811,1,1,1,2
0.3748,1.0184,2.717,1,1,1,3
1.2477,5.7828,4.6349,1,1,1,4
1.2735,1.237,0.9713,1,1,1,5
1.5151,1.6381,1.0812,1,0,1,6
1.0226,1.0005,0.9784,0,0,1,0
1.9055,1.2147,0.6375,0,0,1,1
1.9862,5.5405,2.7895,1,1,1,2
0.9926,3.4638,3.4895,1,1,1,3
1.3601,5.3026,3.8988,1,1,1,4
0.3554,0.3965,1.1157,1,1,1,5
1.2457,1.0785,0.8658,1,0,1,6
1.9521,1.981,1.0148,0,0,1,0
1.4347,1.017,0.7089,0,0,1,1
0.9681,2.1987,2.2713,1,1,1,2
1.0545,2.6198,2.4843,1,1,1,3
0.4064,1.4298,3.5181,1,1,1,4
0.5388,0.7224,1.3408,1,1,1,5
0.6103,0.7063,1.1573,1,0,1,6
1.7906,2.0133,1.1244,0,0,1,0
1.3497,0.7592,0.5625,0,0,1,1
1.8775,5.2755,2.8098,1,1,1,2
1.632,5.0585,3.0997,1,1,1,3
1.2838,5.1447,4.0075,1,1,1,4
1.0279,1.103,1.0731,1,1,1,5
0.7801,0.827,1.06,1,0,1,6
1.9063,1.8594,0.9754,0,0,1,0
0.9811,0.5788,0.5899,0,0,1,1
0.4748,1.3269,2.7948,1,1,1,2
0.8965,2.7472,3.0643,1,1,1,3
0.8583,3.4723,4.0456,1,1,1,4
1.821,1.8152,0.9968,1,1,1,5
1.0242,1.2223,1.1934,1,0,1,6
1.0164,1.0998,1.0821,0,0,1,0
1.6558,1.2812,0.7737,0,0,1,1
0.3738,0.8628,2.308,1,1,1,2
1.4964,5.3788,3.5944,1,1,1,3
1.4071,6.1292,4.3558,1,1,1,4
0.3884,0.3851,0.9914,1,1,1,5
1.6701,1.6633,0.9959,1,0,1,6
1.2895,1.5366,1.1916,0,0,1,0
0.8949,0.5245,0.5861,0,0,1,1
1.4148,4.1636,2.9429,1,1,1,2
1.9344,5.6488,2.9201,1,1,1,3
0.579,2.5522,4.4077,1,1,1,4
1.4144,1.4553,1.0289,1,1,1,5
1.6779,1.9999,1.1919,1,0,1,6
1.6086,1.7475,1.0864,0,0,1,0
1.1309,0.6849,0.6056,0,0,1,1
0.6219,1.6239,2.6112,1,1,1,2
0.7446,1.8354,2.4648,1,1,1,3
0.3701,1.7101,4.6202,1,1,1,4
0.4597,0.5049,1.0983,1,1,1,5
0.7284,0.7811,1.0723,1,0,1,6
0.8029,0.8012,0.9979,0,0,1,0
1.5265,1.2316,0.8068,0,0,1,1
1.3533,2.974,2.1975,1,1,1,2
0.8063,2.0659,2.5621,1,1,1,3
0.996,3.7672,3.7823,1,1,1,4
0.3858,0.5435,1.4089,1,1,1,5
1.3631,1.5316,1.1236,1,0,1,6
0.7458,0.8409,1.1276,0,0,1,0
0.4352,0.2459,0.565,0,0,1,1
0.5878,1.2229,2.0804,1,1,1,2
1.4791,3.8583,2.6086,1,1,1,3
0.354,1.5121,4.272,1,1,1,4
1.8812,2.3151,1.2306,1,1,1,5
1.0314,1.0616,1.0293,1,0,1,6
1.3829,1.1892,0.8599,0,0,1,0
0.8113,0.5422,0.6684,0,0,1,1
0.8131,1.7206,2.1161,1,1,1,2
0.8882,2.3126,2.6037,1,1,1,3
1.4299,5.0086,3.5028,1,1,1,4
1.588,2.153,1.3558,1,1,1,5
0.7142,0.6912,0.9678,1,0,1,6
1.8269,1.8774,1.0276,0,0,1,0
1.478,1.1345,0.7676,0,0,1,1
0.5998,1.4242,2.3747,1,1,1,2
1.9885,5.1798,2.6048,1,1,1,3
1.7325,5.9988,3.4625,1,1,1,4
1.2568,1.6759,1.3335,1,1,1,5
1.8568,2.1634,1.1651,1,0,1,6
0.573,0.6537,1.1409,0,0,1,0
1.1312,0.7376,0.6521,0,0,1,1
0.4712,1.1284,2.3949,1,1,1,2
0.7952,2.7175,3.4176,1,1,1,3
1.6206,6.0088,3.7077,1,1,1,4
1.6836,1.8912,1.1233,1,1,1,5
1.6126,1.3658,0.8469,1,0,1,6
0.7557,0.7147,0.9458,0,0,1,0
0.8229,0.5972,0.7258,0,0,1,1
1.5173,4.0115,2.6439,1,1,1,2
0.8435,2.9282,3.4715,1,1,1,3
1.9759,9.269,4.691,1,1,1,4
0.928,1.144,1.2327,1,1,1,5
1.6704,1.9777,1.1839,1,0,1,6
1.4546,1.492,1.0257,0,0,1,0
0.7998,0.635,0.794,0,0,1,1
1.1837,2.5095,2.1199,1,1,1,2
0.6298,1.8498,2.937,1,1,1,3
1.1513,4.4311,3.8487,1,1,1,4
1.2463,1.4904,1.1958,1,1,1,5
1.7085,1.7127,1.0025,1,0,1,6
1.9242,1.5805,0.8214,0,0,1,0
0.3615,0.2142,0.5924,0,0,1,1
1.7639,5.222,2.9605,1,1,1,2
1.9913,7.0714,3.5512,1,1,1,3
1.2328,5.099,4.1362,1,1,1,4
0.5021,0.5448,1.085,1,1,1,5
1.4678,1.6488,1.1233,1,0,1,6
1.8129,1.5967,0.8807,0,0,1,0
0.6317,0.4456,0.7053,0,0,1,1
0.498,1.2454,2.5007,1,1,1,2
1.691,5.2776,3.1209,1,1,1,3
1.249,4.4778,3.5852,1,1,1,4
1.6475,1.7179,1.0427,1,1,1,5
1.9486,1.7909,0.9191,1,0,1,6
0.9739,1.0013,1.0282,0,0,1,0
0.3239,0.2336,0.7211,0,0,1,1
1.34,3.7493,2.798,1,1,1,2
1.9125,6.6796,3.4927,1,1,1,3
0.4352,1.9572,4.4975,1,1,1,4
1.5602,2.2319,1.4306,1,1,1,5
0.9508,1.0369,1.0905,1,0,1,6
1.1097,0.9213,0.8302,0,0,1,0
1.2797,0.7367,0.5757,0,0,1,1
1.1171,3.1083,2.7824,1,1,1,2
0.803,2.4157,3.0085,1,1,1,3
1.1053,3.5602,3.2209,1,1,1,4
0.3985,0.5236,1.3141,1,1,1,5
0.7447,0.8484,1.1392,1,0,1,6
1.1304,1.1056,0.978,0,0,1,0
0.3644,0.2236,0.6136,0,0,1,1
0.6902,1.6872,2.4445,1,1,1,2
0.4445,1.5949,3.588,1,1,1,3
1.697,7.3226,4.3151,1,1,1,4
0.9121,1.1102,1.2172,1,1,1,5
1.3078,1.0695,0.8177,1,0,1,6
0.6699,0.7568,1.1297,0,0,1,0
1.3286,0.7945,0.598,0,0,1,1
0.5232,1.3276,2.5374,1,1,1,2
1.388,4.2962,3.0952,1,1,1,3
1.4347,5.0482,3.5187,1,1,1,4
0.6487,0.853,1.3148,1,1,1,5
1.5824,1.4196,0.8971,1,0,1,6
1.0108,0.8457,0.8367,0,0,1,0
0.8467,0.666,0.7866,0,0,1,1
0.9542,2.0252,2.1223,1,1,1,2
0.6653,1.9732,2.9661,1,1,1,3
0.9196,2.9566,3.2151,1,1,1,4
0.574,0.5867,1.0222,1,1,1,5
1.0467,1.1653,1.1133,1,0,1,6
0.7753,0.6985,0.901,0,0,1,0
1.8692,1.3854,0.7412,0,0,1,1
1.1189,3.3526,2.9964,1,1,1,2
0.356,1.101,3.0924,1,1,1,3
1.9854,9.4816,4.7755,1,1,1,4
1.4518,1.5603,1.0748,1,1,1,5
1.4853,1.6265,1.095,1,0,1,6
1.1328,1.1584,1.0226,0,0,1,0
1.2755,0.869,0.6813,0,0,1,1
1.6079,4.3392,2.6987,1,1,1,2
0.614,1.9526,3.18,1,1,1,3
0.844,3.8388,4.5483,1,1,1,4
0.7818,0.8554,1.0941,1,1,1,5
1.4985,1.501,1.0017,1,0,1,6
1.5038,1.6632,1.106,0,0,1,0
0.906,0.5189,0.5727,0,0,1,1
1.2483,3.3735,2.7024,1,1,1,2
1.4301,5.054,3.5341,1,1,1,3
0.7709,3.6094,4.682,1,1,1,4
0.5309,0.7062,1.3303,1,1,1,5
1.374,1.4792,1.0766,1,0,1,6
1.7271,1.8426,1.0669,0,0,1,0
1.4676,1.0252,0.6986,0,0,1,1
1.1158,2.5487,2.2843,1,1,1,2
1.4727,5.1059,3.4671,1,1,1,3
0.4722,1.584,3.3541,1,1,1,4
1.7646,2.0897,1.1842,1,1,1,5
1.3166,1.3364,1.015,1,0,1,6
0.573,0.6026,1.0518,0,0,1,0
1.148,0.9058,0.789,0,0,1,1
1.1987,2.4926,2.0795,1,1,1,2
1.5519,3.935,2.5357,1,1,1,3
0.849,3.2806,3.8641,1,1,1,4
1.7812,1.8316,1.0283,1,1,1,5
1.3733,1.1299,0.8228,1,0,1,6
1.9446,2.0909,1.0753,0,0,1,0
1.4034,0.9236,0.6581,0,0,1,1
0.8001,1.7868,2.2332,1,1,1,2
1.214,4.0857,3.3655,1,1,1,3
1.2499,4.016,3.2131,1,1,1,4
1.2211,1.5106,1.2371,1,1,1,5
0.41,0.3649,0.8901,1,0,1,6
1.2151,1.1251,0.9259,0,0,1,0
0.6628,0.4873,0.7352,0,0,1,1
0.378,1.025,2.7116,1,1,1,2
1.1963,3.3697,2.8167,1,1,1,3
1.599,7.2356,4.525,1,1,1,4
0.9747,1.2286,1.2605,1,1,1,5
0.5069,0.5976,1.1789,1,0,1,6
1.3841,1.626,1.1748,0,0,1,0
1.0359,0.7868,0.7595,0,0,1,1
1.3586,3.4109,2.5105,1,1,1,2
1.4348,4.0984,2.8564,1,1,1,3
1.2074,4.0502,3.3545,1,1,1,4
1.0369,1.0443,1.0071,1,1,1,5
0.5242,0.6221,1.1867,1,0,1,6
0.8762,1.0186,1.1625,0,0,1,0
0.9087,0.6085,0.6697,0,0,1,1
0.7674,2.2045,2.8728,1,1,1,2
1.5172,4.4719,2.9474,1,1,1,3
1.0783,3.4961,3.2422,1,1,1,4
0.4013,0.504,1.2559,1,1,1,5
0.8094,0.9229,1.1402,1,0,1,6
0.9249,1.0839,1.1719,0,0,1,0
1.5997,1.202,0.7514,0,0,1,1
0.5518,1.5009,2.7201,1,1,1,2
1.8676,5.3603,2.8702,1,1,1,3
1.9937,7.3239,3.6735,1,1,1,4
1.8365,2.4776,1.3491,1,1,1,5
1.6296,1.6129,0.9897,1,0,1,6
0.6835,0.5939,0.869,0,0,1,0
1.4199,1.1514,0.8109,0,0,1,1
1.9985,5.4983,2.7512,1,1,1,2
1.0359,3.5671,3.4433,1,1,1,3
1.4066,5.4875,3.9014,1,1,1,4
1.3481,1.7715,1.3141,1,1,1,5
0.9311,0.8221,0.883,1,0,1,6
0.6279,0.7289,1.1609,0,0,1,0
1.7564,1.3524,0.77,0,0,1,1
0.6064,1.6783,2.7676,1,1,1,2
1.9065,5.3014,2.7807,1,1,1,3
1.848,6.8597,3.712,1,1,1,4
1.9132,2.54,1.3276,1,1,1,5
1.1874,1.1425,0.9622,1,0,1,6
0.5526,0.4492,0.8129,0,0,1,0
0.3525,0.2545,0.722,0,0,1,1
0.6386,1.3004,2.0364,1,1,1,2
0.5569,1.6204,2.9097,1,1,1,3
0.377,1.5305,4.0602,1,1,1,4
0.8947,1.0085,1.1272,1,1,1,5
0.7911,0.7311,0.9241,1,0,1,6
0.538,0.5323,0.9895,0,0,1,0
1.4181,1.0214,0.7202,0,0,1,1
0.9144,2.3853,2.6087,1,1,1,2
1.8975,5.5191,2.9085,1,1,1,3
0.9653,4.1044,4.2519,1,1,1,4
0.532,0.6065,1.1401,1,1,1,5
1.8344,2.0987,1.1441,1,0,1,6
1.552,1.5799,1.018,0,0,1,0
1.8542,1.4542,0.7842,0,0,1,1
1.8945,4.7381,2.5009,1,1,1,2
0.507,1.7153,3.3832,1,1,1,3
1.6916,6.7931,4.0159,1,1,1,4
0.8775,1.263,1.4393,1,1,1,5
1.3839,1.2378,0.8944,1,0,1,6
0.4269,0.346,0.8104,0,0,1,0
1.7802,1.3737,0.7716,0,0,1,1
1.2159,3.4574,2.8436,1,1,1,2
1.9385,6.7589,3.4866,1,1,1,3
1.4447,6.0606,4.1952,1,1,1,4
1.6182,2.2553,1.3937,1,1,1,5
1.3186,1.5191,1.1521,1,0,1,6
0.9677,0.9,0.9301,0,0,1,0
0.3186,0.1986,0.6234,0,0,1,1
1.7107,3.4462,2.0146,1,1,1,2
1.3624,3.8194,2.8034,1,1,1,3
1.0129,4.1462,4.0935,1,1,1,4
1.0231,1.1246,1.0992,1,1,1,5
1.7779,1.7637,0.992,1,0,1,6
0.4493,0.4043,0.8998,0,0,1,0
1.0804,0.9023,0.8352,0,0,1,1
0.343,0.9397,2.7396,1,1,1,2
0.4223,1.3478,3.192,1,1,1,3
1.1495,4.3821,3.8121,1,1,1,4
0.8355,0.9504,1.1375,1,1,1,5
0.7639,0.8904,1.1657,1,0,1,6
1.9648,1.7425,0.8869,0,0,1,0
1.359,0.9197,0.6768,0,0,1,1
1.5053,4.3789,2.9089,1,1,1,2
1.7884,5.1941,2.9044,1,1,1,3
1.8004,8.0386,4.465,1,1,1,4
1.6809,2.2415,1.3335,1,1,1,5
0.6859,0.8058,1.1747,1,0,1,6
1.0574,1.0552,0.9979,0,0,1,0
1.2184,0.7688,0.631,0,0,1,1
1.6149,3.9148,2.4242,1,1,1,2
1.4796,4.1011,2.7719,1,1,1,3
0.3762,1.6262,4.3227,1,1,1,4
0.7872,0.8192,1.0406,1,1,1,5
1.8433,2.0122,1.0916,1,0,1,6
0.9599,1.0954,1.1412,0,0,1,0
1.7582,1.0902,0.6201,0,0,1,1
0.8302,2.1799,2.6258,1,1,1,2
1.2026,3.0212,2.5123,1,1,1,3
1.9317,8.4911,4.3956,1,1,1,4
0.9931,1.2331,1.2417,1,1,1,5
1.3032,1.0895,0.836,1,0,1,6
1.1035,1.0163,0.921,0,0,1,0
1.8022,1.2986,0.7205,0,0,1,1
1.4235,4.2424,2.9802,1,1,1,2
0.3262,1.0967,3.3616,1,1,1,3
1.2939,4.8072,3.7154,1,1,1,4
1.6736,1.7237,1.0299,1,1,1,5
1.9287,1.9855,1.0294,1,0,1,6
1.6211,1.921,1.185,0,0,1,0
0.5136,0.3025,0.589,0,0,1,1
1.6052,3.2195,2.0056,1,1,1,2
0.902,2.2974,2.5471,1,1,1,3
0.9755,3.4714,3.5585,1,1,1,4
1.7909,2.4978,1.3947,1,1,1,5
1.1223,1.2079,1.0763,1,0,1,6
1.5257,1.6745,1.0975,0,0,1,0
1.4913,1.2064,0.8089,0,0,1,1
1.1207,2.3704,2.1151,1,1,1,2
0.6256,2.2274,3.5607,1,1,1,3
0.8223,3.6017,4.3801,1,1,1,4
1.9121,1.9741,1.0324,1,1,1,5
0.378,0.3723,0.9848,1,0,1,6
1.7658,1.6385,0.9279,0,0,1,0
0.3841,0.2361,0.6146,0,0,1,1
1.3957,3.0285,2.1699,1,1,1,2
0.5355,1.9215,3.5884,1,1,1,3
0.7495,2.539,3.3878,1,1,1,4
1.755,1.8002,1.0258,1,1,1,5
1.6905,1.8748,1.109,1,0,1,6
1.9419,1.9018,0.9794,0,0,1,0
1.9123,1.4936,0.7811,0,0,1,1
1.5874,3.4339,2.1633,1,1,1,2
0.7742,2.6587,3.4341,1,1,1,3
1.0514,3.5119,3.3403,1,1,1,4
1.1484,1.5461,1.3463,1,1,1,5
1.8407,2.1096,1.1461,1,0,1,6
0.3154,0.3193,1.0124,0,0,1,0
1.4478,1.1191,0.773,0,0,1,1
1.7266,3.7659,2.1812,1,1,1,2
1.66,4.5335,2.731,1,1,1,3
1.3777,5.3992,3.9191,1,1,1,4
0.5157,0.5039,0.9772,1,1,1,5
1.554,1.3936,0.8968,1,0,1,6
1.2125,1.1798,0.973,0,0,1,0
1.0272,0.668,0.6503,0,0,1,1
0.613,1.6143,2.6333,1,1,1,2
1.4514,4.2141,2.9034,1,1,1,3
1.0084,4.5961,4.5577,1,1,1,4
0.4256,0.5596,1.3148,1,1,1,5
0.8765,0.8918,1.0175,1,0,1,6
0.5685,0.5565,0.9788,0,0,1,0
1.13,0.6814,0.603,0,0,1,1
1.7509,4.6211,2.6392,1,1,1,2
1.5331,5.3787,3.5085,1,1,1,3
0.9989,3.7379,3.742,1,1,1,4
1.569,1.9691,1.255,1,1,1,5
1.4446,1.4365,0.9944,1,0,1,6
0.5589,0.5153,0.9221,0,0,1,0
0.382,0.2583,0.6761,0,0,1,1
0.9339,2.2037,2.3597,1,1,1,2
0.8425,2.9742,3.53,1,1,1,3
0.9935,4.5369,4.5666,1,1,1,4
1.8617,2.575,1.3831,1,1,1,5
1.2646,1.0273,0.8124,1,0,1,6
1.6515,1.9059,1.154,0,0,1,0
1.3582,0.9121,0.6715,0,0,1,1
1.3107,3.0223,2.3059,1,1,1,2
1.0446,3.0768,2.9454,1,1,1,3
1.6118,7.3241,4.5441,1,1,1,4
0.3511,0.4952,1.4103,1,1,1,5
1.2789,1.2105,0.9465,1,0,1,6
0.8182,0.743,0.908,0,0,1,0
0.6963,0.4477,0.6429,0,0,1,1
0.6495,1.772,2.7281,1,1,1,2
0.6228,1.598,2.5658,1,1,1,3
0.6369,2.8955,4.5459,1,1,1,4
1.4496,1.967,1.3569,1,1,1,5
1.9634,2.2369,1.1393,1,0,1,6
1.3875,1.594,1.1488,0,0,1,0
1.5168,1.0663,0.703,0,0,1,1
0.953,2.2126,2.3217,1,1,1,2
0.4966,1.5016,3.024,1,1,1,3
0.3597,1.6414,4.5629,1,1,1,4
1.5028,1.7651,1.1745,1,1,1,5
1.5036,1.5092,1.0037,1,0,1,6
1.6908,1.9676,1.1637,0,0,1,0
0.7271,0.4707,0.6473,0,0,1,1
0.3303,0.8385,2.5383,1,1,1,2
0.3286,0.9919,3.0187,1,1,1,3
1.4282,5.9702,4.1802,1,1,1,4
1.1283,1.2593,1.1161,1,1,1,5
1.755,1.9851,1.1311,1,0,1,6
1.82,1.8197,0.9999,0,0,1,0
0.5958,0.4137,0.6944,0,0,1,1
1.8582,3.974,2.1387,1,1,1,2
1.2653,3.3127,2.618,1,1,1,3
0.8892,3.1314,3.5217,1,1,1,4
0.3118,0.315,1.0104,1,1,1,5
1.3964,1.3498,0.9666,1,0,1,6
0.4245,0.4497,1.0592,0,0,1,0
0.3616,0.2618,0.7238,0,0,1,1
0.4555,1.2614,2.7691,1,1,1,2
1.7977,5.7356,3.1906,1,1,1,3
1.8762,7.4455,3.9684,1,1,1,4
1.1771,1.1517,0.9785,1,1,1,5
0.7047,0.614,0.8713,1,0,1,6
1.452,1.6438,1.1321,0,0,1,0
1.5826,1.2437,0.7859,0,0,1,1
1.2893,2.6303,2.0402,1,1,1,2
1.8339,4.7442,2.587,1,1,1,3
1.7149,6.9938,4.0782,1,1,1,4
0.8675,1.0349,1.1929,1,1,1,5
0.3769,0.3576,0.9487,1,0,1,6
0.7595,0.7759,1.0215,0,0,1,0
0.9491,0.7447,0.7847,0,0,1,1
0.9339,2.4096,2.5802,1,1,1,2
0.66,2.2616,3.4268,1,1,1,3
0.5339,2.2751,4.2611,1,1,1,4
0.6661,0.8327,1.2502,1,1,1,5
0.9687,0.8909,0.9197,1,0,1,6
1.5272,1.7673,1.1572,0,0,1,0
0.9181,0.7487,0.8155,0,0,1,1
1.4307,3.7301,2.6071,1,1,1,2
1.0532,3.0208,2.8681,1,1,1,3
0.9034,3.213,3.5564,1,1,1,4
1.6802,1.9146,1.1395,1,1,1,5
0.4185,0.4665,1.1148,1,0,1,6
0.8101,0.8736,1.0784,0,0,1,0
1.5883,0.9402,0.592,0,0,1,1
1.4431,3.6606,2.5366,1,1,1,2
0.9476,2.6973,2.8465,1,1,1,3
0.82,3.6055,4.397,1,1,1,4
1.5787,1.8879,1.1959,1,1,1,5
1.8807,1.6695,0.8877,1,0,1,6
0.7166,0.8077,1.1271,0,0,1,0
1.3157,0.8769,0.6665,0,0,1,1
0.7801,2.2434,2.8759,1,1,1,2
1.7457,4.9061,2.8103,1,1,1,3
0.5465,2.6131,4.7812,1,1,1,4
1.2718,1.6966,1.334,1,1,1,5
0.9715,0.9826,1.0115,1,0,1,6
1.5414,1.4807,0.9606,0,0,1,0
0.8469,0.5287,0.6243,0,0,1,1
1.0888,3.2148,2.9524,1,1,1,2
1.9091,6.6334,3.4746,1,1,1,3
0.637,2.7596,4.3324,1,1,1,4
1.411,1.7839,1.2643,1,1,1,5
1.4839,1.2044,0.8116,1,0,1,6
1.4224,1.4428,1.0143,0,0,1,0
1.2514,1.0012,0.8,0,0,1,1
0.8136,1.878,2.3082,1,1,1,2
0.9102,2.4085,2.6462,1,1,1,3
1.8588,7.7127,4.1494,1,1,1,4
0.6732,0.6579,0.9772,1,1,1,5
0.4894,0.4248,0.8679,1,0,1,6
1.076,1.0041,0.9332,0,0,1,0
0.9303,0.6991,0.7514,0,0,1,1
1.2605,3.2249,2.5584,1,1,1,2
1.2747,3.3111,2.5976,1,1,1,3
0.7113,3.1722,4.4598,1,1,1,4
1.3273,1.6155,1.2171,1,1,1,5
1.1376,1.3639,1.199,1,0,1,6
0.9198,0.8623,0.9376,0,0,1,0
0.4096,0.2771,0.6763,0,0,1,1
0.9881,2.6242,2.6557,1,1,1,2
0.4626,1.3321,2.8797,1,1,1,3
0.8475,3.0677,3.6196,1,1,1,4
0.6479,0.9219,1.423,1,1,1,5
0.9892,1.0669,1.0785,1,0,1,6
0.3688,0.3162,0.8575,0,0,1,0
1.9317,1.3514,0.6996,0,0,1,1
0.7157,1.4495,2.0251,1,1,1,2
1.0395,3.5337,3.3995,1,1,1,3
1.7163,5.9139,3.4458,1,1,1,4
1.4133,1.4621,1.0345,1,1,1,5
0.5121,0.4174,0.8151,1,0,1,6
0.996,1.1123,1.1168,0,0,1,0
1.3707,0.9327,0.6804,0,0,1,1
0.5723,1.6332,2.8537,1,1,1,2
1.0583,3.6572,3.4556,1,1,1,3
0.5685,2.3752,4.1784,1,1,1,4
1.9482,2.1335,1.0951,1,1,1,5
1.2843,1.3697,1.0665,1,0,1,6
1.9242,1.6514,0.8582,0,0,1,0
0.5941,0.4108,0.6915,0,0,1,1
1.8345,4.0953,2.2324,1,1,1,2
0.9155,2.5285,2.7619,1,1,1,3
1.9431,9.1219,4.6944,1,1,1,4
1.6852,2.1808,1.2941,1,1,1,5
1.5323,1.4315,0.9342,1,0,1,6
1.039,1.1253,1.0831,0,0,1,0
1.5979,1.2201,0.7636,0,0,1,1
1.2425,2.897,2.3317,1,1,1,2
1.314,3.7164,2.8284,1,1,1,3
0.482,2.0722,4.2989,1,1,1,4
1.4672,1.4552,0.9918,1,1,1,5
0.3903,0.4269,1.0937,1,0,1,6
0.9637,0.7762,0.8054,0,0,1,0
1.7107,1.3356,0.7807,0,0,1,1
1.421,4.1816,2.9427,1,1,1,2
1.6948,5.81,3.4282,1,1,1,3
1.9159,7.2273,3.7724,1,1,1,4
1.0727,1.4833,1.3828,1,1,1,5
0.8759,0.7749,0.8847,1,0,1,6
1.7054,1.9005,1.1144,0,0,1,0
1.7755,1.2564,0.7077,0,0,1,1
1.6991,3.6307,2.1368,1,1,1,2
0.6612,1.9533,2.9542,1,1,1,3
1.8414,7.6893,4.1759,1,1,1,4
1.6547,2.1357,1.2907,1,1,1,5
1.1368,1.1938,1.0502,1,0,1,6
1.5584,1.5214,0.9762,0,0,1,0
1.1277,0.878,0.7786,0,0,1,1
0.9507,2.8448,2.9922,1,1,1,2
1.2549,3.8493,3.0674,1,1,1,3
0.6345,2.6587,4.19,1,1,1,4
1.5811,1.9021,1.203,1,1,1,5
1.5719,1.5744,1.0016,1,0,1,6
0.3567,0.3126,0.8763,0,0,1,0
1.7608,1.1056,0.6279,0,0,1,1
0.7605,1.6216,2.1322,1,1,1,2
1.2018,2.9812,2.4806,1,1,1,3
1.6273,6.3718,3.9156,1,1,1,4
0.4208,0.4221,1.0031,1,1,1,5
1.8404,1.6528,0.8981,1,0,1,6
1.6967,1.7347,1.0224,0,0,1,0
1.8248,1.351,0.7403,0,0,1,1
1.6556,4.1182,2.4875,1,1,1,2
0.7865,2.41,3.0641,1,1,1,3
1.8326,6.5468,3.5724,1,1,1,4
0.32,0.3874,1.2107,1,1,1,5
1.2302,1.4211,1.1551,1,0,1,6
0.9767,1.1339,1.1609,0,0,1,0
0.7833,0.5562,0.7101,0,0,1,1
0.3254,0.8803,2.7052,1,1,1,2
0.775,2.434,3.1405,1,1,1,3
0.3662,1.2146,3.3166,1,1,1,4
1.2667,1.5017,1.1855,1,1,1,5
1.9731,2.1597,1.0946,1,0,1,6
0.3134,0.3413,1.0891,0,0,1,0
1.5339,1.0264,0.6691,0,0,1,1
0.4735,0.9971,2.1057,1,1,1,2
1.6422,5.8084,3.5369,1,1,1,3
1.1347,5.291,4.663,1,1,1,4
0.4359,0.5345,1.2262,1,1,1,5
0.8228,0.8903,1.082,1,0,1,6
1.8423,2.1815,1.1841,0,0,1,0
0.7202,0.4261,0.5917,0,0,1,1
0.8844,1.891,2.1381,1,1,1,2
1.823,6.5153,3.574,1,1,1,3
1.1214,4.1605,3.7102,1,1,1,4
1.4351,1.767,1.2313,1,1,1,5
1.1608,1.0379,0.8941,1,0,1,6
1.8087,1.9744,1.0916,0,0,1,0
1.8983,1.1283,0.5944,0,0,1,1
0.4023,1.1414,2.8371,1,1,1,2
0.4866,1.469,3.0185,1,1,1,3
1.1381,4.4155,3.8798,1,1,1,4
1.9131,2.5201,1.3173,1,1,1,5
1.7494,2.0412,1.1668,1,0,1,6
0.5402,0.4356,0.8064,0,0,1,0
1.3021,1.065,0.8179,0,0,1,1
0.6075,1.4518,2.3899,1,1,1,2
1.2027,2.9967,2.4916,1,1,1,3
1.3107,6.0981,4.6526,1,1,1,4
1.0288,0.9923,0.9645,1,1,1,5
0.5196,0.4946,0.9519,1,0,1,6
1.0469,1.1203,1.07,0,0,1,0
1.3111,1.0082,0.7689,0,0,1,1
1.41,3.3345,2.3649,1,1,1,2
1.9774,5.4601,2.7613,1,1,1,3
1.5279,6.0841,3.9819,1,1,1,4
1.6191,1.693,1.0457,1,1,1,5
1.1256,0.9708,0.8625,1,0,1,6
1.8352,1.8241,0.994,0,0,1,0
1.4133,0.8281,0.5859,0,0,1,1
1.1229,2.2482,2.0021,1,1,1,2
1.0058,2.6546,2.6392,1,1,1,3
1.1942,5.4557,4.5684,1,1,1,4
1.083,1.3955,1.2885,1,1,1,5
1.2814,1.4761,1.152,1,0,1,6
1.6221,1.4216,0.8764,0,0,1,0
1.7329,1.0637,0.6138,0,0,1,1
1.4069,4.0769,2.8978,1,1,1,2
0.8748,2.8991,3.3139,1,1,1,3
0.9083,3.1202,3.4352,1,1,1,4
1.1952,1.2122,1.0142,1,1,1,5
0.8673,0.8032,0.926,1,0,1,6
0.5442,0.6483,1.1912,0,0,1,0
1.3563,0.9659,0.7121,0,0,1,1
1.6598,4.6715,2.8145,1,1,1,2
1.3994,4.6739,3.34,1,1,1,3
1.8618,8.1787,4.3929,1,1,1,4
0.7066,0.7945,1.1245,1,1,1,5
1.3002,1.1472,0.8823,1,0,1,6
1.9454,1.7709,0.9103,0,0,1,0
1.8637,1.2954,0.6951,0,0,1,1
1.9885,5.4895,2.7606,1,1,1,2
1.0625,3.4981,3.2924,1,1,1,3
0.4539,1.8369,4.0471,1,1,1,4
1.0619,1.3912,1.3101,1,1,1,5
0.4141,0.4119,0.9947,1,0,1,6
0.6166,0.6898,1.1187,0,0,1,0
1.3627,0.8711,0.6393,0,0,1,1
0.4592,1.2587,2.7414,1,1,1,2
1.7936,4.8463,2.702,1,1,1,3
1.1683,5.4616,4.6748,1,1,1,4
0.8684,1.2493,1.4386,1,1,1,5
1.2266,1.1751,0.958,1,0,1,6
0.9554,0.7811,0.8175,0,0,1,0
0.3567,0.2679,0.751,0,0,1,1
1.3786,4.0335,2.9257,1,1,1,2
0.4797,1.3535,2.8218,1,1,1,3
1.6811,8.0213,4.7714,1,1,1,4
1.3222,1.8707,1.4149,1,1,1,5
0.4075,0.4037,0.9908,1,0,1,6
0.3867,0.4256,1.1007,0,0,1,0
0.3206,0.2443,0.762,0,0,1,1
0.5492,1.3721,2.4983,1,1,1,2
1.65,5.8191,3.5268,1,1,1,3
1.1855,4.0886,3.4488,1,1,1,4
1.66,2.1345,1.2858,1,1,1,5
0.4991,0.521,1.0439,1,0,1,6
1.2023,1.0994,0.9144,0,0,1,0
1.7019,0.9828,0.5775,0,0,1,1
0.4814,1.3238,2.7498,1,1,1,2
0.7254,2.1019,2.8978,1,1,1,3
1.7664,7.7755,4.4019,1,1,1,4
1.8857,2.6551,1.408,1,1,1,5
0.592,0.6903,1.166,1,0,1,6
0.8375,0.8891,1.0616,0,0,1,0
1.6316,1.2866,0.7886,0,0,1,1
1.3744,3.4204,2.4886,1,1,1,2
1.3553,3.7636,2.7769,1,1,1,3
1.1976,4.9992,4.1742,1,1,1,4
1.7886,1.9904,1.1128,1,1,1,5
0.4346,0.3838,0.8833,1,0,1,6
0.734,0.7131,0.9716,0,0,1,0
1.2142,0.7893,0.65,0,0,1,1
1.4674,3.0456,2.0755,1,1,1,2
0.5024,1.5969,3.1786,1,1,1,3
0.6535,2.2951,3.5121,1,1,1,4
0.8872,0.9305,1.0487,1,1,1,5
1.2139,1.1105,0.9148,1,0,1,6
0.312,0.3556,1.14,0,0,1,0
1.3754,1.1302,0.8217,0,0,1,1
1.7349,4.5947,2.6484,1,1,1,2
0.3103,1.0033,3.2333,1,1,1,3
1.426,5.3318,3.7389,1,1,1,4
0.4935,0.691,1.4002,1,1,1,5
0.8815,0.7461,0.8465,1,0,1,6
0.8152,0.832,1.0206,0,0,1,0
1.8741,1.2965,0.6918,0,0,1,1
1.7387,4.234,2.4351,1,1,1,2
0.6863,2.3478,3.4211,1,1,1,3
1.3792,6.3187,4.5816,1,1,1,4
0.963,1.0464,1.0866,1,1,1,5
0.3097,0.3678,1.1878,1,0,1,6
1.4362,1.1623,0.8092,0,0,1,0
0.7979,0.5062,0.6345,0,0,1,1
1.4593,4.2012,2.8788,1,1,1,2
1.5859,4.362,2.7504,1,1,1,3
0.8024,2.7304,3.4026,1,1,1,4
1.8714,2.4414,1.3046,1,1,1,5
1.4231,1.2068,0.848,1,0,1,6
0.53,0.5112,0.9645,0,0,1,0
0.5617,0.3283,0.5846,0,0,1,1
0.9567,2.5509,2.6663,1,1,1,2
1.3458,3.5473,2.6358,1,1,1,3
1.7182,7.9454,4.6243,1,1,1,4
1.746,2.0285,1.1618,1,1,1,5
0.3803,0.3476,0.914,1,0,1,6
1.2002,1.3869,1.1555,0,0,1,0
1.6485,0.9973,0.605,0,0,1,1
1.2716,2.8551,2.2452,1,1,1,2
0.3602,1.2876,3.5748,1,1,1,3
0.6919,2.8956,4.1847,1,1,1,4
1.0925,1.1042,1.0107,1,1,1,5
1.3294,1.5759,1.1854,1,0,1,6
0.7793,0.8444,1.0835,0,0,1,0
1.665,1.2365,0.7426,0,0,1,1
1.0025,2.0103,2.0053,1,1,1,2
0.5614,1.7238,3.0704,1,1,1,3
1.6419,6.0647,3.6937,1,1,1,4
0.3066,0.4193,1.3674,1,1,1,5
0.8158,0.7307,0.8957,1,0,1,6
0.7355,0.8807,1.1975,0,0,1,0
0.6192,0.3967,0.6406,0,0,1,1
1.4277,4.0086,2.8078,1,1,1,2
0.681,2.134,3.1338,1,1,1,3
1.5422,7.2872,4.7251,1,1,1,4
1.6311,2.173,1.3323,1,1,1,5
1.4446,1.3304,0.921,1,0,1,6
0.7835,0.8473,1.0815,0,0,1,0
1.3146,0.861,0.6549,0,0,1,1
0.5163,1.1021,2.1344,1,1,1,2
0.7334,2.4142,3.292,1,1,1,3
1.137,5.317,4.6762,1,1,1,4
1.2648,1.787,1.4128,1,1,1,5
0.6985,0.6488,0.9288,1,0,1,6
0.5065,0.5495,1.0848,0,0,1,0
1.7782,1.0395,0.5846,0,0,1,1
1.8259,3.6542,2.0013,1,1,1,2
1.8523,5.9059,3.1884,1,1,1,3
1.8429,8.567,4.6486,1,1,1,4
0.3371,0.4082,1.211,1,1,1,5
1.7647,2.0192,1.1442,1,0,1,6
0.329,0.3428,1.042,0,0,1,0
1.8417,1.418,0.7699,0,0,1,1
1.111,2.4168,2.1753,1,1,1,2
0.5115,1.4541,2.8426,1,1,1,3
0.8437,3.5392,4.1947,1,1,1,4
1.9832,2.775,1.3992,1,1,1,5
1.7309,2.0342,1.1753,1,0,1,6
1.2035,1.309,1.0876,0,0,1,0
1.7874,1.3133,0.7348,0,0,1,1
1.3781,3.8045,2.7606,1,1,1,2
0.4954,1.6435,3.3176,1,1,1,3
0.9192,4.3782,4.763,1,1,1,4
1.6371,2.2681,1.3854,1,1,1,5
1.2994,1.3846,1.0656,1,0,1,6
0.3213,0.3506,1.091,0,0,1,0
0.952,0.5661,0.5946,0,0,1,1
0.8682,2.4755,2.8512,1,1,1,2
1.1156,2.926,2.6228,1,1,1,3
1.7833,6.3623,3.5677,1,1,1,4
0.4342,0.4769,1.0982,1,1,1,5
0.4821,0.4565,0.9468,1,0,1,6
1.2348,1.3122,1.0626,0,0,1,0
1.3111,0.885,0.6751,0,0,1,1
1.1493,3.3503,2.915,1,1,1,2
1.7587,4.9895,2.8371,1,1,1,3
0.9773,4.3112,4.4115,1,1,1,4
1.6169,1.8218,1.1267,1,1,1,5
1.835,2.0006,1.0902,1,0,1,6
1.1061,1.2925,1.1685,0,0,1,0
1.3608,0.8271,0.6078,0,0,1,1
1.8149,3.8376,2.1145,1,1,1,2
1.8807,6.569,3.4928,1,1,1,3
0.8339,3.505,4.2032,1,1,1,4
0.69,0.9331,1.3524,1,1,1,5
1.176,1.235,1.0501,1,0,1,6
0.7805,0.903,1.1569,0,0,1,0
0.4975,0.4034,0.8107,0,0,1,1
1.8776,4.5964,2.448,1,1,1,2
1.684,5.9945,3.5597,1,1,1,3
1.5744,5.274,3.3499,1,1,1,4
0.3415,0.3913,1.1458,1,1,1,5
1.4339,1.6184,1.1287,1,0,1,6
0.3048,0.2893,0.949,0,0,1,0
0.7719,0.5762,0.7465,0,0,1,1
1.9496,4.0957,2.1008,1,1,1,2
1.4527,4.9388,3.3998,1,1,1,3
0.8094,2.9349,3.6262,1,1,1,4
1.0519,1.0478,0.9961,1,1,1,5
0.3814,0.3547,0.9299,1,0,1,6
1.4665,1.5263,1.0408,0,0,1,0
1.2492,0.7864,0.6296,0,0,1,1
1.2422,3.032,2.4408,1,1,1,2
0.7282,2.479,3.4044,1,1,1,3
1.3349,5.4009,4.046,1,1,1,4
0.9128,0.9433,1.0334,1,1,1,5
0.4947,0.5609,1.1338,1,0,1,6
1.5161,1.4815,0.9771,0,0,1,0
1.4307,1.0277,0.7183,0,0,1,1
1.4035,4.0953,2.918,1,1,1,2
1.6155,5.1514,3.1888,1,1,1,3
0.6166,2.9586,4.7984,1,1,1,4
0.9118,1.1315,1.241,1,1,1,5
0.9329,0.9364,1.0037,1,0,1,6
0.6426,0.5891,0.9168,0,0,1,0
0.5643,0.3574,0.6334,0,0,1,1
1.3686,2.8186,2.0594,1,1,1,2
1.6852,4.4244,2.6254,1,1,1,3
1.094,4.3449,3.9717,1,1,1,4
0.6753,0.7324,1.0845,1,1,1,5
0.625,0.5767,0.9228,1,0,1,6
1.9539,1.8899,0.9672,0,0,1,0
1.7204,1.1591,0.6737,0,0,1,1
0.54,1.3567,2.5126,1,1,1,2
0.5465,1.9164,3.5064,1,1,1,3
1.1348,5.2774,4.6504,1,1,1,4
0.9281,1.2572,1.3546,1,1,1,5
0.6539,0.6324,0.9671,1,0,1,6
1.159,1.2117,1.0455,0,0,1,0
1.3594,0.868,0.6385,0,0,1,1
1.805,5.3707,2.9754,1,1,1,2
1.2916,4.2078,3.2578,1,1,1,3
0.5179,2.2859,4.4133,1,1,1,4
1.2242,1.4902,1.2173,1,1,1,5
0.6365,0.5661,0.8894,1,0,1,6
1.891,2.2171,1.1724,0,0,1,0
1.4057,1.0308,0.7333,0,0,1,1
0.6856,1.8224,2.658,1,1,1,2
1.877,6.3389,3.3771,1,1,1,3
1.1867,4.814,4.0567,1,1,1,4
0.6408,0.7027,1.0966,1,1,1,5
1.4106,1.3605,0.9645,1,0,1,6
1.9292,1.7326,0.8981,0,0,1,0
0.7275,0.4214,0.5792,0,0,1,1
0.7052,1.5578,2.2089,1,1,1,2
0.5017,1.4408,2.8717,1,1,1,3
0.761,2.617,3.4387,1,1,1,4
1.0035,1.2512,1.2468,1,1,1,5
1.8094,1.9743,1.0911,1,0,1,6
1.5342,1.3992,0.912,0,0,1,0
1.1651,0.9056,0.7773,0,0,1,1
1.6333,4.0149,2.4582,1,1,1,2
1.847,5.5036,2.9798,1,1,1,3
1.8899,7.9806,4.2228,1,1,1,4
1.9589,2.0972,1.0706,1,1,1,5
1.0695,1.0841,1.0137,1,0,1,6
0.53,0.457,0.8623,0,0,1,0
0.5956,0.345,0.5793,0,0,1,1
1.6176,3.5859,2.2168,1,1,1,2
1.9804,6.4677,3.2659,1,1,1,3
0.3391,1.289,3.8017,1,1,1,4
1.4374,1.8775,1.3062,1,1,1,5
1.5598,1.6712,1.0714,1,0,1,6
0.7012,0.7531,1.074,0,0,1,0
1.9341,1.3004,0.6724,0,0,1,1
1.939,5.3173,2.7423,1,1,1,2
1.6239,5.6926,3.5054,1,1,1,3
1.0867,5.0405,4.6383,1,1,1,4
1.6369,1.6362,0.9996,1,1,1,5
0.3264,0.2778,0.8511,1,0,1,6
1.872,1.8805,1.0045,0,0,1,0
1.9749,1.1087,0.5614,0,0,1,1
0.5628,1.1388,2.0235,1,1,1,2
1.0277,3.0032,2.9224,1,1,1,3
0.6562,2.6184,3.9902,1,1,1,4
1.515,2.0766,1.3707,1,1,1,5
1.5893,1.6425,1.0335,1,0,1,6
0.9497,0.9912,1.0437,0,0,1,0
1.9346,1.1857,0.6129,0,0,1,1
1.3168,3.3583,2.5504,1,1,1,2
1.2925,4.1885,3.2406,1,1,1,3
0.8706,3.9344,4.5193,1,1,1,4
1.9051,2.1036,1.1042,1,1,1,5
1.0449,1.0328,0.9884,1,0,1,6
1.4546,1.647,1.1322,0,0,1,0
0.3508,0.2822,0.8046,0,0,1,1
0.9186,2.686,2.924,1,1,1,2
1.6705,5.8292,3.4895,1,1,1,3
0.4625,1.6517,3.5709,1,1,1,4
0.3976,0.4686,1.1787,1,1,1,5
1.5889,1.7832,1.1223,1,0,1,6
1.8702,1.5816,0.8457,0,0,1,0
1.7215,1.0725,0.623,0,0,1,1
0.3436,0.8451,2.4594,1,1,1,2
0.6046,1.6237,2.6856,1,1,1,3
1.5014,5.0206,3.3439,1,1,1,4
1.0379,1.0488,1.0106,1,1,1,5
1.8675,2.0103,1.0764,1,0,1,6
1.601,1.3732,0.8577,0,0,1,0
1.7164,1.2453,0.7256,0,0,1,1
1.4158,4.0885,2.8877,1,1,1,2
1.2253,3.6159,2.951,1,1,1,3
0.4196,1.4935,3.5594,1,1,1,4
1.6,1.6164,1.0102,1,1,1,5
0.9776,0.904,0.9247,1,0,1,6
1.4179,1.4202,1.0017,0,0,1,0
1.518,1.1167,0.7356,0,0,1,1
0.51,1.3328,2.6136,1,1,1,2
0.3259,0.8919,2.7364,1,1,1,3
1.7074,7.6801,4.4982,1,1,1,4
1.3653,1.4859,1.0884,1,1,1,5
1.6347,1.7485,1.0697,1,0,1,6
1.8914,2.1546,1.1391,0,0,1,0
1.8189,1.0609,0.5833,0,0,1,1
1.0988,3.0903,2.8123,1,1,1,2
1.8625,5.7145,3.0682,1,1,1,3
0.4411,2.0166,4.5718,1,1,1,4
1.7231,2.0982,1.2177,1,1,1,5
1.5433,1.6734,1.0843,1,0,1,6
1.0355,1.065,1.0285,0,0,1,0
1.5921,1.2105,0.7603,0,0,1,1
0.9227,2.6177,2.8369,1,1,1,2
0.8974,2.6827,2.9894,1,1,1,3
0.3805,1.3456,3.5366,1,1,1,4
0.8405,1.2031,1.4313,1,1,1,5
1.015,1.1811,1.1637,1,0,1,6
0.5548,0.5591,1.0077,0,0,1,0
1.156,0.652,0.564,0,0,1,1
0.4685,1.2188,2.6012,1,1,1,2
1.659,4.1608,2.5081,1,1,1,3
0.5455,2.1045,3.8579,1,1,1,4
0.5575,0.7934,1.4232,1,1,1,5
0.9397,0.9114,0.97,1,0,1,6
0.7023,0.7814,1.1126,0,0,1,0
0.7979,0.4978,0.6239,0,0,1,1
0.9007,2.5835,2.8682,1,1,1,2
1.5534,4.7272,3.0432,1,1,1,3
0.9189,3.4652,3.771,1,1,1,4
1.1078,1.2306,1.1109,1,1,1,5
1.389,1.6273,1.1715,1,0,1,6
0.8364,0.8219,0.9827,0,0,1,0
1.1091,0.9044,0.8154,0,0,1,1
1.4535,3.176,2.1851,1,1,1,2
1.4459,4.1476,2.8686,1,1,1,3
1.9634,8.0958,4.1234,1,1,1,4
1.8219,2.3733,1.3026,1,1,1,5
1.6082,1.5511,0.9645,1,0,1,6
1.0025,1.0606,1.0579,0,0,1,0
1.4143,0.8818,0.6235,0,0,1,1
0.9045,2.3155,2.5601,1,1,1,2
0.4207,1.509,3.5868,1,1,1,3
1.0977,4.5984,4.1891,1,1,1,4
1.8522,2.3622,1.2754,1,1,1,5
1.3137,1.3984,1.0645,1,0,1,6
0.8206,0.7654,0.9327,0,0,1,0
0.7055,0.5578,0.7906,0,0,1,1
1.9315,5.7644,2.9844,1,1,1,2
0.5531,1.6661,3.0125,1,1,1,3
0.8259,3.3315,4.0338,1,1,1,4
0.4379,0.5975,1.3645,1,1,1,5
1.442,1.2317,0.8542,1,0,1,6
1.1221,1.3193,1.1758,0,0,1,0
0.6163,0.466,0.7561,0,0,1,1
0.3445,0.9899,2.8734,1,1,1,2
1.3769,4.3446,3.1554,1,1,1,3
0.5227,2.1071,4.0314,1,1,1,4
0.3552,0.4103,1.1552,1,1,1,5
1.9567,1.6282,0.8321,1,0,1,6
1.1655,1.151,0.9875,0,0,1,0
0.6107,0.3871,0.6339,0,0,1,1
1.2325,3.2535,2.6397,1,1,1,2
1.4028,4.7224,3.3663,1,1,1,3
1.3898,6.1927,4.456,1,1,1,4
0.9848,1.4085,1.4302,1,1,1,5
1.3598,1.4175,1.0425,1,0,1,6
0.6667,0.5534,0.8301,0,0,1,0
1.5404,1.067,0.6927,0,0,1,1
0.4735,1.2799,2.703,1,1,1,2
1.0683,3.1195,2.9199,1,1,1,3
1.9362,6.6286,3.4236,1,1,1,4
1.5304,2.0813,1.36,1,1,1,5
1.101,1.0001,0.9084,1,0,1,6
1.3731,1.3254,0.9652,0,0,1,0
0.4861,0.3987,0.8202,0,0,1,1
1.7828,4.5083,2.5287,1,1,1,2
1.1086,3.7504,3.3831,1,1,1,3
1.1971,5.1494,4.3014,1,1,1,4
0.8915,1.0674,1.1973,1,1,1,5
1.9788,1.9517,0.9863,1,0,1,6
1.4109,1.4749,1.0454,0,0,1,0
1.264,0.7561,0.5982,0,0,1,1
1.9166,4.7909,2.4998,1,1,1,2
0.5728,2.0576,3.5922,1,1,1,3
0.8826,3.3052,3.7449,1,1,1,4
1.5686,1.6959,1.0811,1,1,1,5
1.7265,1.7899,1.0367,1,0,1,6
0.5076,0.465,0.9161,0,0,1,0
1.1966,0.8217,0.6867,0,0,1,1
1.8957,5.5292,2.9167,1,1,1,2
1.6581,5.7371,3.4601,1,1,1,3
1.3941,5.4103,3.8809,1,1,1,4
1.6046,2.181,1.3592,1,1,1,5
0.808,0.7344,0.9089,1,0,1,6
0.8702,0.9932,1.1414,0,0,1,0
1.5629,0.9063,0.5799,0,0,1,1
1.4765,4.2494,2.8781,1,1,1,2
1.6408,4.6476,2.8325,1,1,1,3
0.7164,3.3914,4.734,1,1,1,4
0.9871,1.3943,1.4125,1,1,1,5
1.3573,1.4223,1.0478,1,0,1,6
1.2395,1.2291,0.9917,0,0,1,0
1.9446,1.2256,0.6303,0,0,1,1
0.3743,1.078,2.8798,1,1,1,2
0.5025,1.2296,2.4468,1,1,1,3
0.3369,1.5337,4.5522,1,1,1,4
1.2856,1.4316,1.1136,1,1,1,5
0.9778,1.1396,1.1655,1,0,1,6
1.591,1.4319,0.9,0,0,1,0
0.4107,0.2649,0.645,0,0,1,1
1.3453,2.9471,2.1908,1,1,1,2
1.3596,3.8425,2.8262,1,1,1,3
0.572,2.5424,4.4444,1,1,1,4
1.2093,1.2657,1.0466,1,1,1,5
1.7054,2.0124,1.18,1,0,1,6
1.2567,1.3283,1.0569,0,0,1,0
1.2177,0.8495,0.6976,0,0,1,1
1.842,5.2218,2.8348,1,1,1,2
1.2918,4.4574,3.4505,1,1,1,3
0.6199,2.4659,3.9777,1,1,1,4
0.8197,1.1651,1.4215,1,1,1,5
1.4468,1.4,0.9676,1,0,1,6
0.613,0.6456,1.0532,0,0,1,0
1.5997,1.3232,0.8271,0,0,1,1
1.0716,2.2477,2.0975,1,1,1,2
0.5041,1.3047,2.5882,1,1,1,3
1.3231,4.2955,3.2467,1,1,1,4
0.9942,1.1649,1.1717,1,1,1,5
0.7521,0.8231,1.0944,1,0,1,6
0.8992,1.025,1.1399,0,0,1,0
1.0524,0.6058,0.5756,0,0,1,1
1.1598,3.3817,2.9156,1,1,1,2
0.3307,0.9588,2.8992,1,1,1,3
0.6491,2.3894,3.6814,1,1,1,4
1.9796,2.774,1.4013,1,1,1,5
0.766,0.8235,1.0751,1,0,1,6
1.9672,1.8981,0.9649,0,0,1,0
0.8571,0.6557,0.7651,0,0,1,1
1.4901,4.1342,2.7745,1,1,1,2
0.4865,1.654,3.4,1,1,1,3
1.5121,5.6733,3.752,1,1,1,4
1.2157,1.1737,0.9654,1,1,1,5
1.5326,1.4958,0.9759,1,0,1,6
1.853,2.0472,1.1048,0,0,1,0
0.879,0.5819,0.662,0,0,1,1
0.5309,1.1322,2.1328,1,1,1,2
0.7633,2.0215,2.6483,1,1,1,3
1.44,5.2621,3.6543,1,1,1,4
1.394,1.8803,1.3489,1,1,1,5
0.3954,0.3822,0.9667,1,0,1,6
1.4691,1.4985,1.02,0,0,1,0
1.643,1.0788,0.6566,0,0,1,1
1.9419,5.0908,2.6216,1,1,1,2
0.7013,2.4973,3.561,1,1,1,3
1.0019,3.4504,3.4437,1,1,1,4
0.4964,0.6583,1.326,1,1,1,5
0.7655,0.9132,1.193,1,0,1,6
1.8378,1.9323,1.0514,0,0,1,0
0.7256,0.5686,0.7835,0,0,1,1
0.9899,2.8035,2.8321,1,1,1,2
1.8566,5.8746,3.1642,1,1,1,3
1.9137,8.4043,4.3915,1,1,1,4
1.4044,2.002,1.4255,1,1,1,5
1.669,1.9898,1.1923,1,0,1,6
1.7694,1.9794,1.1187,0,0,1,0
0.7426,0.5731,0.7718,0,0,1,1
1.9668,4.9486,2.516,1,1,1,2
0.7679,2.0522,2.6725,1,1,1,3
1.9716,7.645,3.8775,1,1,1,4
1.9548,2.0781,1.0631,1,1,1,5
0.5339,0.5672,1.0624,1,0,1,6
1.2776,1.4656,1.1472,0,0,1,0
0.6592,0.5028,0.7628,0,0,1,1
0.5531,1.6225,2.9337,1,1,1,2
0.9788,3.1952,3.2645,1,1,1,3
1.806,6.9402,3.8427,1,1,1,4
0.9118,0.9227,1.0119,1,1,1,5
1.2653,1.3057,1.0319,1,0,1,6
1.0275,1.0412,1.0133,0,0,1,0
0.637,0.487,0.7646,0,0,1,1
1.1401,2.3354,2.0484,1,1,1,2
1.0646,3.7768,3.5475,1,1,1,3
1.9991,6.5638,3.2834,1,1,1,4
1.7738,1.7858,1.0067,1,1,1,5
1.7302,2.0009,1.1564,1,0,1,6
1.6511,1.8641,1.129,0,0,1,0
0.9877,0.7141,0.723,0,0,1,1
1.6397,4.7771,2.9134,1,1,1,2
0.4685,1.6618,3.5472,1,1,1,3
1.8805,7.592,4.0373,1,1,1,4
1.4472,1.3964,0.9649,1,1,1,5
1.121,1.2102,1.0795,1,0,1,6
0.6384,0.714,1.1185,0,0,1,0
0.667,0.499,0.7481,0,0,1,1
1.2413,3.7235,2.9998,1,1,1,2
1.7351,4.3441,2.5036,1,1,1,3
0.876,3.4057,3.888,1,1,1,4
1.7248,2.2586,1.3095,1,1,1,5
1.5343,1.7067,1.1124,1,0,1,6
0.6253,0.6729,1.0761,0,0,1,0
1.5371,1.1429,0.7435,0,0,1,1
0.3199,0.8556,2.6748,1,1,1,2
1.3255,3.369,2.5417,1,1,1,3
1.6282,7.6261,4.6836,1,1,1,4
1.4246,1.463,1.027,1,1,1,5
1.4227,1.2719,0.894,1,0,1,6
0.5476,0.5052,0.9225,0,0,1,0
1.3832,0.9044,0.6538,0,0,1,1
0.5626,1.3648,2.426,1,1,1,2
1.1881,3.6776,3.0953,1,1,1,3
0.6675,3.0004,4.4953,1,1,1,4
1.0781,1.2357,1.1462,1,1,1,5
1.1429,1.0265,0.8981,1,0,1,6
1.6098,1.7719,1.1007,0,0,1,0
1.0431,0.7949,0.7621,0,0,1,1
0.5598,1.3492,2.4099,1,1,1,2
0.79,1.9187,2.4287,1,1,1,3
0.7213,2.3094,3.2015,1,1,1,4
0.6662,0.7905,1.1864,1,1,1,5
0.3336,0.3442,1.0316,1,0,1,6
0.68,0.5468,0.8041,0,0,1,0
0.9458,0.6904,0.7299,0,0,1,1
1.7366,4.4507,2.5629,1,1,1,2
0.5686,1.8556,3.2633,1,1,1,3
0.7634,3.3922,4.4433,1,1,1,4
0.828,0.9957,1.2025,1,1,1,5
0.7351,0.8514,1.1582,1,0,1,6
1.0204,0.9171,0.8988,0,0,1,0
0.8555,0.4796,0.5606,0,0,1,1
0.7177,1.8225,2.5392,1,1,1,2
0.3759,0.9211,2.4504,1,1,1,3
1.9249,6.8276,3.547,1,1,1,4
0.8112,1.1267,1.3889,1,1,1,5
1.288,1.4185,1.1013,1,0,1,6
1.7158,1.7379,1.0129,0,0,1,0
0.8671,0.582,0.6712,0,0,1,1
1.7124,4.0603,2.3711,1,1,1,2
0.6665,1.8692,2.8043,1,1,1,3
0.3354,1.1922,3.5545,1,1,1,4
0.9409,1.273,1.353,1,1,1,5
1.3031,1.1469,0.8801,1,0,1,6
1.4977,1.4078,0.94,0,0,1,0
1.9319,1.3194,0.683,0,0,1,1
1.3643,2.997,2.1968,1,1,1,2
0.6554,1.6526,2.5214,1,1,1,3
1.5235,6.9806,4.582,1,1,1,4
0.812,0.9537,1.1745,1,1,1,5
1.2916,1.1456,0.887,1,0,1,6
0.544,0.5814,1.0688,0,0,1,0
1.936,1.3899,0.7179,0,0,1,1
1.3791,4.0941,2.9687,1,1,1,2
0.4372,1.4533,3.324,1,1,1,3
1.9275,6.7929,3.5242,1,1,1,4
1.7602,1.8508,1.0515,1,1,1,5
1.8929,2.1862,1.1549,1,0,1,6
1.2394,1.4868,1.1996,0,0,1,0
1.2304,0.9614,0.7814,0,0,1,1
0.3427,0.9127,2.6636,1,1,1,2
0.9218,2.8209,3.0602,1,1,1,3
0.3998,1.9137,4.7862,1,1,1,4
0.9126,1.0554,1.1565,1,1,1,5
1.5332,1.4884,0.9708,1,0,1,6
0.6455,0.7514,1.164,0,0,1,0
1.4716,1.2075,0.8206,0,0,1,1
1.324,2.9892,2.2577,1,1,1,2
1.0515,2.5948,2.4676,1,1,1,3
1.9158,8.1082,4.2324,1,1,1,4
1.6331,1.8664,1.1428,1,1,1,5
1.9574,1.6899,0.8633,1,0,1,6
1.4211,1.1946,0.8406,0,0,1,0
1.4178,1.1214,0.791,0,0,1,1
1.8513,4.022,2.1725,1,1,1,2
1.087,3.0142,2.7729,1,1,1,3
1.7246,8.1123,4.7039,1,1,1,4
1.9029,2.6471,1.3911,1,1,1,5
1.1868,1.1019,0.9285,1,0,1,6
1.5172,1.2613,0.8314,0,0,1,0
1.3373,1.0734,0.8026,0,0,1,1
0.9994,2.3342,2.3356,1,1,1,2
1.1699,3.7964,3.245,1,1,1,3
0.424,1.4671,3.4599,1,1,1,4
1.9594,1.9334,0.9867,1,1,1,5
0.9031,0.8396,0.9297,1,0,1,6
0.8612,0.7385,0.8575,0,0,1,0
1.9365,1.4512,0.7494,0,0,1,1
1.0333,2.6936,2.6068,1,1,1,2
0.5207,1.5347,2.9474,1,1,1,3
1.1903,5.6459,4.7431,1,1,1,4
0.6222,0.6611,1.0624,1,1,1,5
1.1051,1.2373,1.1197,1,0,1,6
1.076,1.2442,1.1564,0,0,1,0
0.5409,0.3996,0.7387,0,0,1,1
1.9496,5.7522,2.9505,1,1,1,2
1.9712,6.9582,3.53,1,1,1,3
1.6327,7.5512,4.6251,1,1,1,4
1.3649,1.6637,1.2189,1,1,1,5
0.6611,0.7864,1.1896,1,0,1,6
1.0342,0.9147,0.8845,0,0,1,0
1.5189,1.1682,0.7691,0,0,1,1
1.0733,2.5018,2.331,1,1,1,2
1.7922,5.376,2.9997,1,1,1,3
1.7335,8.1679,4.7118,1,1,1,4
1.2905,1.3492,1.0455,1,1,1,5
0.3678,0.3996,1.0865,1,0,1,6
1.9869,2.0434,1.0284,0,0,1,0
1.8803,1.4542,0.7734,0,0,1,1
1.4609,3.1695,2.1696,1,1,1,2
1.5152,4.301,2.8385,1,1,1,3
0.5822,1.9457,3.3419,1,1,1,4
1.4667,1.4752,1.0058,1,1,1,5
0.8805,0.7686,0.8729,1,0,1,6
0.4223,0.3662,0.8672,0,0,1,0
1.6594,1.3218,0.7966,0,0,1,1
1.4975,3.0172,2.0148,1,1,1,2
1.1919,4.1883,3.5141,1,1,1,3
1.9065,7.2495,3.8024,1,1,1,4
1.7622,2.0878,1.1848,1,1,1,5
1.8156,1.7292,0.9524,1,0,1,6
1.0338,1.1663,1.1282,0,0,1,0
0.6033,0.3919,0.6496,0,0,1,1
0.8938,2.1776,2.4363,1,1,1,2
0.7153,1.9667,2.7496,1,1,1,3
0.8942,2.9478,3.2964,1,1,1,4
1.2292,1.5408,1.2535,1,1,1,5
0.7991,0.8889,1.1125,1,0,1,6
1.3565,1.1245,0.829,0,0,1,0
0.4507,0.3602,0.7993,0,0,1,1
1.6216,3.353,2.0677,1,1,1,2
0.9475,2.38,2.512,1,1,1,3
1.0688,4.551,4.2582,1,1,1,4
1.4023,1.4888,1.0617,1,1,1,5
1.768,2.0696,1.1706,1,0,1,6
0.4781,0.5194,1.0864,0,0,1,0
0.6132,0.4104,0.6693,0,0,1,1
1.0595,3.069,2.8967,1,1,1,2
0.3412,0.8265,2.4223,1,1,1,3
0.3408,1.1579,3.3979,1,1,1,4
1.194,1.5352,1.2857,1,1,1,5
1.0501,1.0366,0.9872,1,0,1,6
0.3224,0.333,1.0331,0,0,1,0
0.3086,0.2337,0.7571,0,0,1,1
0.7937,1.8033,2.2719,1,1,1,2
1.8141,5.8642,3.2325,1,1,1,3
1.3986,6.1157,4.3729,1,1,1,4
0.964,0.9731,1.0094,1,1,1,5
1.2994,1.4969,1.152,1,0,1,6
1.2524,1.1307,0.9028,0,0,1,0
0.7544,0.446,0.5912,0,0,1,1
0.9891,2.2449,2.2697,1,1,1,2
1.2995,4.4288,3.4081,1,1,1,3
1.3262,4.4843,3.3813,1,1,1,4
1.616,1.8044,1.1166,1,1,1,5
1.0354,1.2123,1.1708,1,0,1,6
1.3175,1.0639,0.8075,0,0,1,0
1.0661,0.5981,0.5611,0,0,1,1
0.9014,2.5614,2.8414,1,1,1,2
0.9235,2.283,2.4721,1,1,1,3
1.0043,4.6085,4.589,1,1,1,4
0.4475,0.575,1.2847,1,1,1,5
1.7799,1.6192,0.9097,1,0,1,6
0.9644,1.1562,1.1989,0,0,1,0
0.7169,0.4396,0.6132,0,0,1,1
0.3297,0.8574,2.6007,1,1,1,2
1.7046,5.9392,3.4843,1,1,1,3
0.4649,1.4929,3.2111,1,1,1,4
1.7475,2.0873,1.1944,1,1,1,5
0.6158,0.5068,0.8231,1,0,1,6
1.7329,1.8431,1.0636,0,0,1,0
0.8189,0.6537,0.7983,0,0,1,1
0.3925,1.0379,2.6441,1,1,1,2
1.9817,6.1099,3.0831,1,1,1,3
1.0188,4.5571,4.4731,1,1,1,4
1.5098,2.0191,1.3373,1,1,1,5
0.6561,0.7027,1.071,1,0,1,6
0.9309,1.0847,1.1652,0,0,1,0
1.3412,0.9408,0.7015,0,0,1,1
1.1717,2.6244,2.2398,1,1,1,2
1.4054,3.9597,2.8176,1,1,1,3
0.7139,2.9927,4.1923,1,1,1,4
0.7388,0.9438,1.2774,1,1,1,5
0.4971,0.4781,0.9619,1,0,1,6
1.6804,1.7034,1.0137,0,0,1,0
0.7042,0.5353,0.7601,0,0,1,1
0.8261,2.2412,2.7129,1,1,1,2
1.7055,5.1331,3.0097,1,1,1,3
0.4052,1.6388,4.0444,1,1,1,4
0.7817,1.0057,1.2866,1,1,1,5
0.5113,0.4834,0.9455,1,0,1,6
1.5911,1.4226,0.8941,0,0,1,0
1.7944,1.4964,0.8339,0,0,1,1
1.6376,3.8851,2.3725,1,1,1,2
1.1167,2.8307,2.5349,1,1,1,3
1.6239,7.0102,4.3169,1,1,1,4
0.3981,0.4396,1.1044,1,1,1,5
1.6806,1.7529,1.043,1,0,1,6
1.4269,1.6474,1.1545,0,0,1,0
1.9033,1.4206,0.7464,0,0,1,1
1.1879,2.7193,2.2892,1,1,1,2
0.7269,1.7463,2.4024,1,1,1,3
1.1278,4.413,3.913,1,1,1,4
0.3799,0.3898,1.0259,1,1,1,5
1.6873,1.5159,0.8984,1,0,1,6
1.2942,1.2224,0.9445,0,0,1,0
0.5563,0.3536,0.6356,0,0,1,1
1.7906,4.7611,2.6589,1,1,1,2
1.8424,6.5776,3.57,1,1,1,3
1.5215,6.4411,4.2333,1,1,1,4
0.7656,1.0862,1.4187,1,1,1,5
1.0437,1.0817,1.0363,1,0,1,6
1.814,1.4688,0.8097,0,0,1,0
1.5064,1.0963,0.7278,0,0,1,1
1.0745,2.2705,2.1132,1,1,1,2
1.0632,3.1536,2.966,1,1,1,3
0.9729,3.9105,4.0195,1,1,1,4
0.5174,0.5202,1.0054,1,1,1,5
1.5451,1.5966,1.0334,1,0,1,6
