layer,width,height,opening_degree,cp_count,self_understanding,morph_confidence,structural_stability,num_capabilities,avg_risk_level,num_reversible
4,0.7763,1.9813,75.0507,5,0.8,0.6415,0.96,11,0.4545,8
5,0.4331,1.7347,49.8805,8,0.8,0.67,1.0,10,0.43,8
1,0.3127,1.5083,52.3132,5,0.85,0.6415,0.96,11,0.4545,8
3,0.6645,1.1315,38.9607,5,0.77,0.6233,0.96,11,0.4727,8
1,0.3689,1.0244,54.2368,8,0.85,0.67,1.0,10,0.43,8
4,0.546,1.6778,72.7128,8,0.8,0.67,1.0,10,0.43,8
5,0.4786,1.9435,58.8415,5,0.72,0.6415,0.96,11,0.4545,8
3,0.5691,1.907,71.7533,5,0.85,0.6415,0.96,11,0.4545,8
5,0.7321,0.8787,18.8803,5,0.72,0.6233,0.96,11,0.4727,8
4,0.5202,1.5407,37.4835,8,0.8,0.67,1.0,10,0.43,8
2,0.4185,0.8734,16.0449,8,0.8,0.67,1.0,10,0.43,8
4,0.7166,1.5972,41.5007,8,0.8,0.67,1.0,10,0.43,8
5,0.4623,0.9411,55.8674,5,0.8,0.6415,0.96,11,0.4545,8
5,0.6259,1.3095,18.8245,8,0.8,0.67,1.0,10,0.43,8
4,0.5015,1.015,61.8518,8,0.8,0.67,1.0,10,0.43,8
4,0.4018,1.1588,62.6983,5,0.8,0.6415,0.96,11,0.4545,8
2,0.3401,1.5287,34.0148,8,0.8,0.67,1.0,10,0.43,8
5,0.5758,1.6526,9.8963,5,0.72,0.6415,0.96,11,0.4545,8
5,0.5062,1.0877,47.6162,5,0.8,0.6415,0.96,11,0.4545,8
2,0.772,1.2217,33.6416,5,0.72,0.6233,0.96,11,0.4727,8
3,0.4943,1.9307,15.7021,8,0.8,0.67,1.0,10,0.43,8
5,0.4001,1.6551,33.1782,5,0.8,0.6415,0.96,11,0.4545,8
3,0.3311,1.5725,59.2005,5,0.8,0.6415,0.96,11,0.4545,8
1,0.4783,1.0343,18.1579,5,0.8,0.6415,0.96,11,0.4545,8
3,0.402,1.0439,80.3044,5,0.8,0.6415,0.96,11,0.4545,8
4,0.6335,1.1632,12.7553,5,0.72,0.6233,0.96,11,0.4727,8
5,0.7158,1.0438,60.2967,5,0.72,0.6233,0.96,11,0.4727,8
4,0.5565,1.0623,81.9596,8,0.8,0.65,1.0,10,0.45,8
3,0.3311,1.9142,51.8337,8,0.8,0.67,1.0,10,0.43,8
5,0.5546,1.7397,41.6687,5,0.8,0.6415,0.96,11,0.4545,8
2,0.4112,1.6814,78.8959,8,0.8,0.67,1.0,10,0.43,8
5,0.3425,1.183,63.3276,5,0.72,0.6415,0.96,11,0.4545,8
5,0.4187,1.1871,16.5682,5,0.8,0.6415,0.96,11,0.4545,8
4,0.4134,1.9172,20.6535,8,0.8,0.67,1.0,10,0.43,8
2,0.5272,1.1762,61.7809,5,0.8,0.6415,0.96,11,0.4545,8
4,0.3653,1.6767,41.6574,8,0.8,0.67,1.0,10,0.43,8
5,0.3089,1.8063,88.0807,8,0.8,0.67,1.0,10,0.43,8
1,0.33,1.3958,88.4388,8,0.85,0.67,1.0,10,0.43,8
5,0.5605,1.3549,32.717,5,0.72,0.6415,0.96,11,0.4545,8
2,0.612,1.8521,54.8096,5,0.72,0.6415,0.96,11,0.4545,8
1,0.7,1.9442,68.3227,8,0.8,0.67,1.0,10,0.43,8
3,0.6016,0.8912,27.7714,5,0.77,0.6233,0.96,11,0.4727,8
4,0.3006,1.5511,36.5028,5,0.72,0.6415,0.96,11,0.4545,8
2,0.6867,1.4237,15.9322,5,0.8,0.6415,0.96,11,0.4545,8
2,0.3991,0.8437,84.9105,8,0.8,0.67,1.0,10,0.43,8
5,0.4684,1.405,13.0049,5,0.72,0.6415,0.96,11,0.4545,8
1,0.4023,1.8242,62.2041,5,0.72,0.6415,0.96,11,0.4545,8
4,0.7168,1.7216,68.3905,5,0.8,0.6415,0.96,11,0.4545,8
4,0.4074,0.9669,1.1292,5,0.8,0.6415,0.96,11,0.4545,8
1,0.5112,1.6479,60.2129,5,0.8,0.6415,0.96,11,0.4545,8
4,0.3313,1.7367,3.4909,8,0.8,0.67,1.0,10,0.43,8
2,0.4131,1.8677,6.4735,5,0.8,0.6415,0.96,11,0.4545,8
5,0.4707,1.492,60.17,5,0.8,0.6415,0.96,11,0.4545,8
4,0.4625,1.9381,47.5508,8,0.8,0.67,1.0,10,0.43,8
1,0.721,1.2483,29.0006,5,0.72,0.6233,0.96,11,0.4727,8
5,0.7376,0.8291,16.4448,8,0.8,0.65,1.0,10,0.45,8
1,0.522,1.5588,10.9538,5,0.8,0.6415,0.96,11,0.4545,8
5,0.7102,1.1751,42.6677,8,0.8,0.65,1.0,10,0.45,8
3,0.578,1.3836,89.8564,5,0.85,0.6415,0.96,11,0.4545,8
1,0.7108,1.4265,57.6563,8,0.8,0.67,1.0,10,0.43,8
5,0.7581,1.9515,49.9981,8,0.8,0.67,1.0,10,0.43,8
4,0.7234,1.666,59.651,5,0.72,0.6415,0.96,11,0.4545,8
4,0.6538,1.3999,59.727,5,0.72,0.6415,0.96,11,0.4545,8
3,0.7906,1.5287,84.5101,5,0.77,0.6233,0.96,11,0.4727,8
4,0.7319,1.6202,39.8908,5,0.72,0.6415,0.96,11,0.4545,8
2,0.7772,1.5851,80.0467,8,0.8,0.67,1.0,10,0.43,8
5,0.6349,1.2897,83.9512,5,0.72,0.6415,0.96,11,0.4545,8
1,0.5969,1.8906,3.9644,5,0.8,0.6415,0.96,11,0.4545,8
4,0.6282,1.3832,84.326,8,0.8,0.67,1.0,10,0.43,8
3,0.5436,1.8799,46.7387,8,0.85,0.67,1.0,10,0.43,8
4,0.3153,1.8745,47.2853,5,0.8,0.6415,0.96,11,0.4545,8
1,0.6853,0.8422,56.3011,5,0.72,0.6233,0.96,11,0.4727,8
1,0.7992,0.8388,50.8442,8,0.8,0.65,1.0,10,0.45,8
1,0.6087,1.8306,58.0187,8,0.8,0.67,1.0,10,0.43,8
2,0.4985,0.9228,19.036,8,0.8,0.65,1.0,10,0.45,8
1,0.4621,1.4623,71.8346,8,0.8,0.67,1.0,10,0.43,8
5,0.7672,1.5472,44.8897,8,0.8,0.67,1.0,10,0.43,8
3,0.7482,1.9245,3.812,5,0.77,0.6415,0.96,11,0.4545,8
2,0.5566,1.765,31.4773,5,0.8,0.6415,0.96,11,0.4545,8
1,0.4789,1.4035,23.1355,5,0.8,0.6415,0.96,11,0.4545,8
3,0.5013,1.2823,82.4002,8,0.85,0.67,1.0,10,0.43,8
3,0.5663,1.1367,16.4804,5,0.85,0.6415,0.96,11,0.4545,8
1,0.5842,1.8935,28.3835,5,0.8,0.6415,0.96,11,0.4545,8
4,0.4702,1.9695,30.7506,8,0.8,0.67,1.0,10,0.43,8
2,0.3339,0.8531,5.8118,5,0.8,0.6415,0.96,11,0.4545,8
2,0.6866,1.7086,54.0989,8,0.8,0.67,1.0,10,0.43,8
5,0.5404,1.498,23.6702,5,0.72,0.6415,0.96,11,0.4545,8
1,0.4903,1.9942,87.2657,5,0.72,0.6415,0.96,11,0.4545,8
1,0.6198,1.85,1.063,5,0.8,0.6415,0.96,11,0.4545,8
1,0.358,1.2312,78.8445,5,0.85,0.6415,0.96,11,0.4545,8
5,0.446,1.4894,81.0041,5,0.8,0.6415,0.96,11,0.4545,8
1,0.5625,0.9115,78.2736,8,0.8,0.65,1.0,10,0.45,8
5,0.4536,1.9034,1.5423,5,0.8,0.6415,0.96,11,0.4545,8
5,0.5812,0.8997,31.3722,8,0.8,0.65,1.0,10,0.45,8
4,0.703,1.9464,6.222,8,0.8,0.67,1.0,10,0.43,8
2,0.4329,1.7339,26.3301,5,0.72,0.6415,0.96,11,0.4545,8
2,0.3772,1.2124,72.0426,8,0.8,0.67,1.0,10,0.43,8
1,0.6286,1.1567,68.9559,5,0.8,0.6233,0.96,11,0.4727,8
2,0.5162,1.8132,25.4789,5,0.72,0.6415,0.96,11,0.4545,8
4,0.7527,1.0492,66.8138,8,0.8,0.65,1.0,10,0.45,8
3,0.3532,0.968,57.4596,8,0.8,0.67,1.0,10,0.43,8
2,0.3249,1.0559,86.7979,5,0.8,0.6415,0.96,11,0.4545,8
5,0.638,1.5969,37.4804,5,0.8,0.6415,0.96,11,0.4545,8
5,0.7262,1.1086,1.4469,5,0.8,0.6233,0.96,11,0.4727,8
1,0.3177,1.5885,49.7153,5,0.77,0.6415,0.96,11,0.4545,8
4,0.6788,1.2758,55.4802,5,0.72,0.6233,0.96,11,0.4727,8
2,0.6469,1.725,63.7009,8,0.8,0.67,1.0,10,0.43,8
3,0.4574,1.674,3.2329,5,0.72,0.6415,0.96,11,0.4545,8
3,0.4254,0.867,18.7429,5,0.72,0.6415,0.96,11,0.4545,8
2,0.699,0.8005,81.1735,5,0.72,0.6233,0.96,11,0.4727,8
4,0.4487,1.2007,35.7503,5,0.72,0.6415,0.96,11,0.4545,8
5,0.3258,1.1779,63.912,5,0.72,0.6415,0.96,11,0.4545,8
1,0.6098,1.704,78.2314,5,0.8,0.6415,0.96,11,0.4545,8
3,0.4402,1.6004,38.2993,8,0.8,0.67,1.0,10,0.43,8
3,0.4883,1.26,23.6681,8,0.8,0.67,1.0,10,0.43,8
4,0.3207,0.953,21.0974,8,0.8,0.67,1.0,10,0.43,8
2,0.3197,1.6899,63.0228,5,0.72,0.6415,0.96,11,0.4545,8
2,0.5102,1.7586,60.2764,5,0.72,0.6415,0.96,11,0.4545,8
4,0.7624,1.4686,66.8476,5,0.8,0.6233,0.96,11,0.4727,8
5,0.5856,1.362,0.3736,5,0.8,0.6415,0.96,11,0.4545,8
3,0.5641,1.98,35.8998,8,0.85,0.67,1.0,10,0.43,8
3,0.3526,1.9226,78.3027,5,0.8,0.6415,0.96,11,0.4545,8
5,0.4767,1.1801,33.4608,5,0.8,0.6415,0.96,11,0.4545,8
5,0.471,1.7171,8.5571,8,0.8,0.67,1.0,10,0.43,8
3,0.6882,1.3991,56.0279,8,0.85,0.67,1.0,10,0.43,8
3,0.7792,0.8671,88.7523,8,0.85,0.65,1.0,10,0.45,8
5,0.3075,1.6285,77.9537,8,0.8,0.67,1.0,10,0.43,8
3,0.4343,1.2427,51.2426,5,0.72,0.6415,0.96,11,0.4545,8
2,0.3603,1.2451,78.7897,5,0.8,0.6415,0.96,11,0.4545,8
2,0.6638,1.732,51.3765,8,0.8,0.67,1.0,10,0.43,8
1,0.6049,0.9408,10.9025,5,0.72,0.6233,0.96,11,0.4727,8
5,0.785,1.1305,20.0216,5,0.72,0.6233,0.96,11,0.4727,8
3,0.4277,1.2575,18.5535,5,0.8,0.6415,0.96,11,0.4545,8
3,0.6168,1.4018,61.085,8,0.85,0.67,1.0,10,0.43,8
3,0.5227,1.5091,63.9068,8,0.85,0.67,1.0,10,0.43,8
2,0.7946,1.8192,3.7459,5,0.72,0.6415,0.96,11,0.4545,8
3,0.7454,1.1445,6.8751,8,0.85,0.65,1.0,10,0.45,8
4,0.5238,1.4244,11.1436,5,0.8,0.6415,0.96,11,0.4545,8
2,0.4581,1.8129,75.4228,5,0.72,0.6415,0.96,11,0.4545,8
3,0.7978,1.8586,34.3987,8,0.85,0.67,1.0,10,0.43,8
3,0.4731,1.2298,46.3963,8,0.8,0.67,1.0,10,0.43,8
2,0.4147,1.0832,13.3722,5,0.72,0.6415,0.96,11,0.4545,8
4,0.321,1.8384,55.8957,5,0.72,0.6415,0.96,11,0.4545,8
2,0.3236,1.5465,17.9184,5,0.72,0.6415,0.96,11,0.4545,8
1,0.6058,1.3298,19.0128,8,0.8,0.67,1.0,10,0.43,8
5,0.5659,1.322,53.9018,8,0.8,0.67,1.0,10,0.43,8
2,0.5008,1.7059,27.8423,5,0.8,0.6415,0.96,11,0.4545,8
4,0.3712,0.9119,5.0778,5,0.8,0.6415,0.96,11,0.4545,8
4,0.7129,0.9326,3.2487,8,0.8,0.65,1.0,10,0.45,8
5,0.6256,1.5818,46.8263,5,0.72,0.6415,0.96,11,0.4545,8
4,0.3087,1.0218,19.5667,5,0.72,0.6415,0.96,11,0.4545,8
1,0.338,1.6231,41.9452,5,0.77,0.6415,0.96,11,0.4545,8
4,0.7338,0.9486,4.8422,5,0.72,0.6233,0.96,11,0.4727,8
1,0.5618,1.0385,23.7322,8,0.8,0.65,1.0,10,0.45,8
3,0.7065,0.9932,35.7417,5,0.85,0.6233,0.96,11,0.4727,8
2,0.5331,1.9533,26.7199,5,0.72,0.6415,0.96,11,0.4545,8
2,0.7553,1.8388,18.3468,8,0.8,0.67,1.0,10,0.43,8
2,0.4946,1.4362,1.3588,5,0.8,0.6415,0.96,11,0.4545,8
1,0.6381,1.7714,85.4534,8,0.8,0.67,1.0,10,0.43,8
4,0.713,1.7587,7.8264,5,0.8,0.6415,0.96,11,0.4545,8
5,0.7134,1.0384,19.7629,5,0.8,0.6233,0.96,11,0.4727,8
4,0.3359,1.2495,8.1916,5,0.72,0.6415,0.96,11,0.4545,8
1,0.607,1.5985,39.8928,5,0.8,0.6415,0.96,11,0.4545,8
2,0.7748,1.6365,56.0792,8,0.8,0.67,1.0,10,0.43,8
1,0.7359,1.3234,37.495,8,0.8,0.65,1.0,10,0.45,8
3,0.3465,1.0043,31.666,5,0.8,0.6415,0.96,11,0.4545,8
2,0.5798,1.3878,4.7434,5,0.72,0.6415,0.96,11,0.4545,8
3,0.3082,1.2767,26.5101,5,0.8,0.6415,0.96,11,0.4545,8
2,0.781,1.8423,66.2935,5,0.8,0.6415,0.96,11,0.4545,8
4,0.5386,1.4345,45.1615,5,0.8,0.6415,0.96,11,0.4545,8
1,0.5669,0.861,46.015,5,0.72,0.6233,0.96,11,0.4727,8
2,0.4424,1.3101,2.0226,8,0.8,0.67,1.0,10,0.43,8
1,0.7249,1.7192,49.0914,5,0.72,0.6415,0.96,11,0.4545,8
4,0.6221,1.1008,16.7045,5,0.8,0.6233,0.96,11,0.4727,8
2,0.3537,1.9179,22.0185,5,0.8,0.6415,0.96,11,0.4545,8
4,0.6575,1.5052,50.0783,8,0.8,0.67,1.0,10,0.43,8
1,0.5869,1.5414,50.378,5,0.8,0.6415,0.96,11,0.4545,8
3,0.3605,1.6064,30.1776,5,0.72,0.6415,0.96,11,0.4545,8
5,0.6038,1.0112,61.4073,5,0.8,0.6233,0.96,11,0.4727,8
5,0.7331,1.7218,71.2374,5,0.72,0.6415,0.96,11,0.4545,8
4,0.6161,1.1611,76.8689,5,0.72,0.6233,0.96,11,0.4727,8
2,0.5853,1.8906,76.7053,5,0.72,0.6415,0.96,11,0.4545,8
1,0.425,1.2688,65.9652,8,0.8,0.67,1.0,10,0.43,8
5,0.7219,1.5096,38.2929,8,0.8,0.67,1.0,10,0.43,8
3,0.4968,0.8528,72.5923,5,0.8,0.6233,0.96,11,0.4727,8
4,0.6839,1.9248,9.326,5,0.72,0.6415,0.96,11,0.4545,8
1,0.5617,1.5756,45.1603,5,0.8,0.6415,0.96,11,0.4545,8
3,0.7791,1.2474,74.6915,5,0.85,0.6233,0.96,11,0.4727,8
5,0.5118,1.8252,51.9895,5,0.8,0.6415,0.96,11,0.4545,8
3,0.7574,1.4267,82.627,8,0.85,0.65,1.0,10,0.45,8
5,0.6063,1.615,77.313,5,0.72,0.6415,0.96,11,0.4545,8
4,0.7385,1.1401,43.5047,5,0.72,0.6233,0.96,11,0.4727,8
4,0.525,1.9168,23.4577,5,0.8,0.6415,0.96,11,0.4545,8
1,0.4863,0.9383,13.0964,5,0.72,0.6233,0.96,11,0.4727,8
5,0.6756,1.8484,71.6032,8,0.8,0.67,1.0,10,0.43,8
3,0.3459,1.1841,71.1119,5,0.72,0.6415,0.96,11,0.4545,8
1,0.5471,1.9339,39.9977,5,0.72,0.6415,0.96,11,0.4545,8
2,0.6686,1.4656,46.6165,5,0.72,0.6415,0.96,11,0.4545,8
1,0.5143,1.8451,20.5424,5,0.72,0.6415,0.96,11,0.4545,8
4,0.7561,1.8225,63.1074,5,0.72,0.6415,0.96,11,0.4545,8
1,0.6903,1.7659,41.1545,5,0.72,0.6415,0.96,11,0.4545,8
4,0.688,0.9566,74.846,8,0.8,0.65,1.0,10,0.45,8
1,0.5681,1.9265,87.9949,5,0.8,0.6415,0.96,11,0.4545,8
4,0.5671,1.8333,64.8652,5,0.8,0.6415,0.96,11,0.4545,8
4,0.7255,0.931,50.3122,5,0.72,0.6233,0.96,11,0.4727,8
5,0.3126,1.4558,74.0012,8,0.8,0.67,1.0,10,0.43,8
2,0.4644,1.8518,13.4166,5,0.72,0.6415,0.96,11,0.4545,8
5,0.5571,1.3418,78.4731,5,0.72,0.6415,0.96,11,0.4545,8
5,0.5829,1.6033,72.7642,5,0.72,0.6415,0.96,11,0.4545,8
1,0.7658,1.4472,25.8724,8,0.8,0.65,1.0,10,0.45,8
3,0.7747,1.2806,72.052,5,0.77,0.6233,0.96,11,0.4727,8
2,0.3076,0.9861,17.0736,5,0.72,0.6415,0.96,11,0.4545,8
5,0.395,1.1295,52.0558,5,0.8,0.6415,0.96,11,0.4545,8
5,0.7527,1.176,9.265,8,0.8,0.65,1.0,10,0.45,8
5,0.6408,1.0621,60.0212,5,0.72,0.6233,0.96,11,0.4727,8
4,0.3469,1.3403,30.9466,5,0.72,0.6415,0.96,11,0.4545,8
3,0.6577,1.6691,71.1322,5,0.85,0.6415,0.96,11,0.4545,8
2,0.3367,1.947,51.3288,5,0.8,0.6415,0.96,11,0.4545,8
3,0.4331,1.5277,2.4238,5,0.72,0.6415,0.96,11,0.4545,8
3,0.7595,1.639,64.3736,8,0.85,0.67,1.0,10,0.43,8
3,0.5157,1.5932,84.401,8,0.85,0.67,1.0,10,0.43,8
2,0.3991,1.2331,71.9806,5,0.72,0.6415,0.96,11,0.4545,8
4,0.4803,0.8098,53.5919,5,0.8,0.6233,0.96,11,0.4727,8
5,0.7123,1.5941,58.6934,5,0.72,0.6415,0.96,11,0.4545,8
3,0.3083,1.3592,9.858,5,0.72,0.6415,0.96,11,0.4545,8
2,0.5273,1.4015,18.9563,5,0.8,0.6415,0.96,11,0.4545,8
1,0.4516,1.9228,50.6236,5,0.8,0.6415,0.96,11,0.4545,8
1,0.5873,0.8807,25.6991,5,0.8,0.6233,0.96,11,0.4727,8
4,0.7357,0.8612,41.6782,5,0.8,0.6233,0.96,11,0.4727,8
4,0.3056,1.5737,15.8178,5,0.72,0.6415,0.96,11,0.4545,8
3,0.6564,0.8608,64.3135,5,0.77,0.6233,0.96,11,0.4727,8
3,0.5028,1.5855,71.0136,5,0.85,0.6415,0.96,11,0.4545,8
4,0.7184,1.6941,65.081,5,0.72,0.6415,0.96,11,0.4545,8
1,0.5053,1.3305,69.0515,5,0.8,0.6415,0.96,11,0.4545,8
2,0.3794,1.3283,11.1862,5,0.72,0.6415,0.96,11,0.4545,8
5,0.7087,1.2623,10.5713,8,0.8,0.65,1.0,10,0.45,8
2,0.6548,0.8881,83.0066,5,0.8,0.6233,0.96,11,0.4727,8
1,0.6903,1.3571,9.6657,8,0.8,0.65,1.0,10,0.45,8
2,0.421,1.6813,35.4963,5,0.72,0.6415,0.96,11,0.4545,8
4,0.3647,1.5782,73.8336,5,0.72,0.6415,0.96,11,0.4545,8
2,0.6438,0.8947,67.3379,5,0.8,0.6233,0.96,11,0.4727,8
4,0.4534,0.8014,18.4137,8,0.8,0.65,1.0,10,0.45,8
4,0.7355,1.5453,33.6534,8,0.8,0.67,1.0,10,0.43,8
1,0.3111,1.4253,75.4317,8,0.85,0.67,1.0,10,0.43,8
4,0.3822,0.8549,69.8054,5,0.72,0.6415,0.96,11,0.4545,8
4,0.7139,1.0805,89.77,5,0.72,0.6233,0.96,11,0.4727,8
5,0.3008,1.0787,60.0833,5,0.72,0.6415,0.96,11,0.4545,8
5,0.6058,1.9182,48.5595,5,0.72,0.6415,0.96,11,0.4545,8
1,0.5509,1.143,10.4414,5,0.8,0.6415,0.96,11,0.4545,8
5,0.6384,1.7894,45.3738,8,0.8,0.67,1.0,10,0.43,8
4,0.7051,1.3615,43.0524,8,0.8,0.65,1.0,10,0.45,8
3,0.6116,0.8994,55.5253,5,0.85,0.6233,0.96,11,0.4727,8
5,0.6479,0.8428,44.3846,5,0.8,0.6233,0.96,11,0.4727,8
5,0.3433,1.801,23.4361,5,0.72,0.6415,0.96,11,0.4545,8
3,0.748,1.1783,21.1262,5,0.85,0.6233,0.96,11,0.4727,8
4,0.7376,1.4211,82.1511,5,0.72,0.6233,0.96,11,0.4727,8
3,0.4506,0.9937,12.6052,5,0.72,0.6415,0.96,11,0.4545,8
1,0.6125,1.3075,20.115,5,0.72,0.6415,0.96,11,0.4545,8
5,0.7163,1.4556,83.0601,8,0.8,0.67,1.0,10,0.43,8
2,0.7321,1.6107,79.9163,5,0.8,0.6415,0.96,11,0.4545,8
2,0.4627,1.2805,7.4752,5,0.8,0.6415,0.96,11,0.4545,8
1,0.7614,1.0175,8.7343,8,0.8,0.65,1.0,10,0.45,8
5,0.3645,0.8799,81.2302,5,0.8,0.6415,0.96,11,0.4545,8
4,0.3291,1.9168,89.8684,5,0.72,0.6415,0.96,11,0.4545,8
1,0.5139,0.8704,61.9647,8,0.8,0.65,1.0,10,0.45,8
4,0.5203,0.9347,34.3489,5,0.72,0.6233,0.96,11,0.4727,8
3,0.3919,1.6866,43.9715,8,0.8,0.67,1.0,10,0.43,8
1,0.4339,1.2424,38.2842,5,0.8,0.6415,0.96,11,0.4545,8
4,0.6019,1.9346,49.6548,5,0.72,0.6415,0.96,11,0.4545,8
5,0.5469,1.8943,53.6703,5,0.72,0.6415,0.96,11,0.4545,8
2,0.3597,1.4996,83.9453,5,0.72,0.6415,0.96,11,0.4545,8
1,0.6276,1.2365,83.0841,8,0.8,0.65,1.0,10,0.45,8
2,0.3417,1.3051,49.4884,8,0.8,0.67,1.0,10,0.43,8
2,0.697,1.2664,47.5959,5,0.8,0.6233,0.96,11,0.4727,8
5,0.6817,1.2806,26.9259,5,0.8,0.6233,0.96,11,0.4727,8
4,0.4492,1.7548,78.7077,5,0.8,0.6415,0.96,11,0.4545,8
2,0.3481,0.99,4.7698,5,0.72,0.6415,0.96,11,0.4545,8
3,0.7354,1.4333,65.9744,5,0.85,0.6233,0.96,11,0.4727,8
1,0.7176,1.9122,36.9526,5,0.72,0.6415,0.96,11,0.4545,8
4,0.7412,1.0229,29.4463,8,0.8,0.65,1.0,10,0.45,8
2,0.7962,1.349,44.395,5,0.8,0.6233,0.96,11,0.4727,8
4,0.6141,1.1599,22.714,5,0.72,0.6233,0.96,11,0.4727,8
3,0.6163,0.9065,23.603,5,0.85,0.6233,0.96,11,0.4727,8
4,0.7334,1.1041,9.8729,8,0.8,0.65,1.0,10,0.45,8
2,0.3192,1.7757,50.8113,5,0.8,0.6415,0.96,11,0.4545,8
3,0.599,1.1177,32.2157,5,0.85,0.6233,0.96,11,0.4727,8
2,0.6742,0.9088,7.9796,5,0.72,0.6233,0.96,11,0.4727,8
2,0.7481,1.6865,14.4606,8,0.8,0.67,1.0,10,0.43,8
5,0.334,1.5879,3.52,5,0.72,0.6415,0.96,11,0.4545,8
5,0.443,1.5125,80.9946,8,0.8,0.67,1.0,10,0.43,8
2,0.4427,1.4246,80.6855,5,0.8,0.6415,0.96,11,0.4545,8
3,0.7348,0.9881,42.9278,5,0.85,0.6233,0.96,11,0.4727,8
4,0.3152,1.1557,61.947,5,0.8,0.6415,0.96,11,0.4545,8
5,0.7664,0.8894,57.9558,5,0.8,0.6233,0.96,11,0.4727,8
4,0.5357,1.5749,38.1159,8,0.8,0.67,1.0,10,0.43,8
4,0.6312,1.2821,58.76,8,0.8,0.67,1.0,10,0.43,8
3,0.3806,1.3859,3.5975,5,0.72,0.6415,0.96,11,0.4545,8
2,0.5672,1.4012,89.5968,5,0.8,0.6415,0.96,11,0.4545,8
4,0.4988,1.7222,28.6619,5,0.8,0.6415,0.96,11,0.4545,8
2,0.6203,1.0912,58.6215,5,0.8,0.6233,0.96,11,0.4727,8
4,0.7349,1.6888,79.9042,5,0.72,0.6415,0.96,11,0.4545,8
2,0.6961,1.9864,75.8974,5,0.72,0.6415,0.96,11,0.4545,8
3,0.4573,1.6991,47.7159,8,0.8,0.67,1.0,10,0.43,8
1,0.6105,0.8433,74.0749,5,0.72,0.6233,0.96,11,0.4727,8
2,0.6457,1.5141,57.1179,5,0.8,0.6415,0.96,11,0.4545,8
4,0.7638,1.486,43.2767,5,0.72,0.6233,0.96,11,0.4727,8
1,0.3281,1.6521,54.6222,5,0.77,0.6415,0.96,11,0.4545,8
2,0.7001,1.9523,66.5197,8,0.8,0.67,1.0,10,0.43,8
1,0.5169,1.095,82.823,8,0.8,0.67,1.0,10,0.43,8
4,0.5736,1.4354,20.3949,5,0.72,0.6415,0.96,11,0.4545,8
2,0.5051,1.123,78.3068,8,0.8,0.67,1.0,10,0.43,8
1,0.4929,1.2561,22.4439,5,0.72,0.6415,0.96,11,0.4545,8
3,0.5535,0.8028,50.3392,5,0.77,0.6233,0.96,11,0.4727,8
4,0.3647,0.8549,86.6168,8,0.8,0.67,1.0,10,0.43,8
2,0.4947,1.3822,51.1456,5,0.72,0.6415,0.96,11,0.4545,8
1,0.5069,0.8457,86.9153,8,0.8,0.65,1.0,10,0.45,8
5,0.4553,0.9799,62.9785,5,0.72,0.6415,0.96,11,0.4545,8
3,0.3889,1.3707,42.8967,8,0.8,0.67,1.0,10,0.43,8
5,0.7408,0.9766,3.9766,5,0.8,0.6233,0.96,11,0.4727,8
5,0.4334,1.1588,79.4386,8,0.8,0.67,1.0,10,0.43,8
4,0.4495,1.7506,82.4297,5,0.8,0.6415,0.96,11,0.4545,8
3,0.6556,1.3421,65.8939,8,0.85,0.67,1.0,10,0.43,8
5,0.741,1.3036,72.3809,5,0.72,0.6233,0.96,11,0.4727,8
2,0.7798,1.1379,45.9604,5,0.8,0.6233,0.96,11,0.4727,8
1,0.4903,1.7858,44.8565,5,0.72,0.6415,0.96,11,0.4545,8
3,0.7076,1.4726,34.8978,5,0.85,0.6415,0.96,11,0.4545,8
2,0.4435,1.9327,19.441,5,0.8,0.6415,0.96,11,0.4545,8
1,0.3834,1.5822,6.7535,5,0.85,0.6415,0.96,11,0.4545,8
3,0.44,1.6975,16.145,5,0.72,0.6415,0.96,11,0.4545,8
2,0.625,1.4237,81.4773,5,0.8,0.6415,0.96,11,0.4545,8
1,0.6897,1.6856,17.5665,5,0.8,0.6415,0.96,11,0.4545,8
3,0.5096,1.5935,37.5216,5,0.85,0.6415,0.96,11,0.4545,8
3,0.3407,1.9494,13.3412,5,0.8,0.6415,0.96,11,0.4545,8
3,0.541,1.1672,55.3607,5,0.85,0.6415,0.96,11,0.4545,8
4,0.3859,1.0406,51.4033,5,0.72,0.6415,0.96,11,0.4545,8
5,0.5423,1.7561,53.4699,5,0.72,0.6415,0.96,11,0.4545,8
1,0.6005,1.1466,86.7521,5,0.72,0.6233,0.96,11,0.4727,8
1,0.5894,1.4375,76.2865,5,0.72,0.6415,0.96,11,0.4545,8
1,0.4048,1.065,70.4696,8,0.8,0.67,1.0,10,0.43,8
2,0.681,1.7124,12.2596,8,0.8,0.67,1.0,10,0.43,8
2,0.7603,1.7424,79.5322,8,0.8,0.67,1.0,10,0.43,8
4,0.7593,1.0563,69.2922,8,0.8,0.65,1.0,10,0.45,8
1,0.6646,1.9032,7.616,8,0.8,0.67,1.0,10,0.43,8
5,0.4988,0.8932,28.793,5,0.72,0.6233,0.96,11,0.4727,8
4,0.4901,1.3369,70.7243,5,0.72,0.6415,0.96,11,0.4545,8
2,0.3244,0.8066,83.012,8,0.8,0.67,1.0,10,0.43,8
1,0.3763,1.9429,4.5809,5,0.85,0.6415,0.96,11,0.4545,8
4,0.7531,1.9757,63.8255,5,0.8,0.6415,0.96,11,0.4545,8
2,0.3937,1.2129,0.7464,5,0.8,0.6415,0.96,11,0.4545,8
2,0.4056,1.504,20.8132,5,0.8,0.6415,0.96,11,0.4545,8
5,0.6336,1.489,61.4868,5,0.72,0.6415,0.96,11,0.4545,8
1,0.5969,0.8258,75.8568,8,0.8,0.65,1.0,10,0.45,8
2,0.4069,1.9597,25.6593,5,0.72,0.6415,0.96,11,0.4545,8
4,0.3153,1.4495,31.0967,5,0.8,0.6415,0.96,11,0.4545,8
2,0.4044,1.2385,70.0802,5,0.72,0.6415,0.96,11,0.4545,8
3,0.6054,1.4067,31.515,8,0.85,0.67,1.0,10,0.43,8
3,0.6216,1.7598,26.209,5,0.85,0.6415,0.96,11,0.4545,8
3,0.7462,1.3606,67.7461,5,0.85,0.6233,0.96,11,0.4727,8
1,0.4938,1.1236,79.2907,8,0.8,0.67,1.0,10,0.43,8
1,0.6111,1.5704,69.7492,5,0.8,0.6415,0.96,11,0.4545,8
3,0.466,1.1358,38.2164,5,0.72,0.6415,0.96,11,0.4545,8
3,0.771,1.6611,3.1907,5,0.85,0.6415,0.96,11,0.4545,8
4,0.3296,1.3862,53.2545,5,0.72,0.6415,0.96,11,0.4545,8
2,0.4919,0.9455,4.5619,5,0.8,0.6233,0.96,11,0.4727,8
1,0.7639,1.2749,62.8805,8,0.8,0.65,1.0,10,0.45,8
4,0.5832,1.6144,70.2995,8,0.8,0.67,1.0,10,0.43,8
4,0.7237,0.9698,56.7977,5,0.8,0.6233,0.96,11,0.4727,8
1,0.4894,1.4962,12.9283,5,0.8,0.6415,0.96,11,0.4545,8
3,0.3838,1.7362,24.2418,5,0.8,0.6415,0.96,11,0.4545,8
5,0.7284,0.9253,42.1845,8,0.8,0.65,1.0,10,0.45,8
5,0.32,1.3252,54.9718,5,0.72,0.6415,0.96,11,0.4545,8
4,0.6719,1.0502,48.0379,8,0.8,0.65,1.0,10,0.45,8
4,0.7276,0.8708,40.5988,5,0.8,0.6233,0.96,11,0.4727,8
5,0.3632,1.802,24.5276,8,0.8,0.67,1.0,10,0.43,8
2,0.3161,1.1758,70.1064,5,0.72,0.6415,0.96,11,0.4545,8
3,0.3045,1.6192,50.8487,5,0.8,0.6415,0.96,11,0.4545,8
1,0.5554,1.3149,14.3077,8,0.8,0.67,1.0,10,0.43,8
2,0.62,1.3962,35.1611,5,0.8,0.6415,0.96,11,0.4545,8
1,0.4212,1.0161,59.306,5,0.8,0.6415,0.96,11,0.4545,8
1,0.7299,1.6158,37.4383,8,0.8,0.67,1.0,10,0.43,8
5,0.7702,1.7335,88.8217,5,0.8,0.6415,0.96,11,0.4545,8
1,0.5977,1.5861,65.6788,5,0.72,0.6415,0.96,11,0.4545,8
3,0.7533,1.3663,23.6408,8,0.85,0.65,1.0,10,0.45,8
2,0.4005,1.4954,9.4619,8,0.8,0.67,1.0,10,0.43,8
2,0.6098,1.6871,13.5026,5,0.72,0.6415,0.96,11,0.4545,8
2,0.7867,0.8565,47.9431,5,0.72,0.6233,0.96,11,0.4727,8
2,0.7598,1.7122,39.5536,8,0.8,0.67,1.0,10,0.43,8
3,0.4131,1.4809,16.5298,8,0.8,0.67,1.0,10,0.43,8
3,0.5792,0.8991,50.3804,5,0.85,0.6233,0.96,11,0.4727,8
5,0.675,0.962,45.8974,8,0.8,0.65,1.0,10,0.45,8
1,0.6222,1.6469,7.6077,5,0.72,0.6415,0.96,11,0.4545,8
2,0.4258,1.6313,11.4008,5,0.72,0.6415,0.96,11,0.4545,8
4,0.3143,1.8647,52.2488,5,0.8,0.6415,0.96,11,0.4545,8
5,0.7606,1.5238,40.8279,8,0.8,0.67,1.0,10,0.43,8
5,0.734,0.8324,48.1153,8,0.8,0.65,1.0,10,0.45,8
5,0.364,1.4746,32.0268,5,0.72,0.6415,0.96,11,0.4545,8
3,0.6491,1.4768,76.1254,5,0.85,0.6415,0.96,11,0.4545,8
1,0.4541,1.8607,50.6974,8,0.8,0.67,1.0,10,0.43,8
1,0.5253,1.3681,16.634,5,0.72,0.6415,0.96,11,0.4545,8
5,0.4681,1.0358,39.812,5,0.8,0.6415,0.96,11,0.4545,8
5,0.5857,0.8909,71.1071,5,0.8,0.6233,0.96,11,0.4727,8
4,0.3573,1.5595,66.7261,8,0.8,0.67,1.0,10,0.43,8
1,0.6303,1.8663,51.2288,8,0.8,0.67,1.0,10,0.43,8
1,0.6333,1.6845,75.215,5,0.8,0.6415,0.96,11,0.4545,8
4,0.3538,1.9202,86.7534,5,0.8,0.6415,0.96,11,0.4545,8
3,0.3257,1.1596,10.9621,5,0.8,0.6415,0.96,11,0.4545,8
3,0.5238,1.1094,31.8097,8,0.85,0.67,1.0,10,0.43,8
5,0.5818,1.513,38.2498,5,0.72,0.6415,0.96,11,0.4545,8
5,0.4313,1.0676,36.0643,5,0.72,0.6415,0.96,11,0.4545,8
5,0.3545,1.6131,7.8842,5,0.72,0.6415,0.96,11,0.4545,8
4,0.3085,1.371,50.6626,8,0.8,0.67,1.0,10,0.43,8
2,0.7166,1.4091,55.6583,5,0.8,0.6233,0.96,11,0.4727,8
4,0.5363,1.2683,71.2823,5,0.8,0.6415,0.96,11,0.4545,8
1,0.7909,1.6786,61.1931,5,0.8,0.6415,0.96,11,0.4545,8
2,0.318,1.7366,16.7864,8,0.8,0.67,1.0,10,0.43,8
1,0.7021,1.2264,60.0458,8,0.8,0.65,1.0,10,0.45,8
3,0.7839,0.9061,64.5963,5,0.77,0.6233,0.96,11,0.4727,8
2,0.5174,1.9013,4.4343,5,0.8,0.6415,0.96,11,0.4545,8
5,0.7079,1.9322,37.2097,5,0.8,0.6415,0.96,11,0.4545,8
5,0.6072,1.271,89.8658,5,0.8,0.6415,0.96,11,0.4545,8
3,0.4029,1.6649,33.8753,5,0.72,0.6415,0.96,11,0.4545,8
3,0.351,1.5057,60.1599,5,0.72,0.6415,0.96,11,0.4545,8
3,0.4387,1.9817,31.7865,5,0.72,0.6415,0.96,11,0.4545,8
5,0.3159,1.3779,36.59,5,0.8,0.6415,0.96,11,0.4545,8
2,0.3197,0.849,63.3727,5,0.8,0.6415,0.96,11,0.4545,8
1,0.703,0.9745,85.312,5,0.72,0.6233,0.96,11,0.4727,8
4,0.4202,0.8642,74.4292,5,0.72,0.6415,0.96,11,0.4545,8
2,0.3041,1.9273,50.0829,8,0.8,0.67,1.0,10,0.43,8
3,0.4714,1.5472,3.6736,5,0.72,0.6415,0.96,11,0.4545,8
2,0.4284,1.3379,61.7832,5,0.8,0.6415,0.96,11,0.4545,8
2,0.4016,1.8586,40.1002,8,0.8,0.67,1.0,10,0.43,8
2,0.4031,0.9287,42.0192,5,0.72,0.6415,0.96,11,0.4545,8
3,0.7014,1.1851,29.3369,5,0.77,0.6233,0.96,11,0.4727,8
3,0.5674,1.9943,62.6284,5,0.85,0.6415,0.96,11,0.4545,8
3,0.426,1.7029,57.0278,5,0.8,0.6415,0.96,11,0.4545,8
3,0.7181,1.6043,42.6167,5,0.77,0.6415,0.96,11,0.4545,8
3,0.5755,1.1691,67.97,5,0.77,0.6415,0.96,11,0.4545,8
2,0.5794,1.2235,61.3389,5,0.72,0.6415,0.96,11,0.4545,8
5,0.6359,1.2728,3.8612,5,0.72,0.6415,0.96,11,0.4545,8
5,0.3232,1.8371,5.05,5,0.72,0.6415,0.96,11,0.4545,8
4,0.3522,1.4642,29.4353,5,0.72,0.6415,0.96,11,0.4545,8
5,0.325,0.8772,6.6441,5,0.72,0.6415,0.96,11,0.4545,8
2,0.3885,1.0078,50.8396,8,0.8,0.67,1.0,10,0.43,8
2,0.5297,1.2308,88.9973,8,0.8,0.67,1.0,10,0.43,8
1,0.7866,1.3379,81.3238,5,0.8,0.6233,0.96,11,0.4727,8
4,0.3447,1.1834,19.2382,8,0.8,0.67,1.0,10,0.43,8
3,0.5089,0.9515,55.5933,8,0.85,0.65,1.0,10,0.45,8
4,0.7523,1.98,51.2086,8,0.8,0.67,1.0,10,0.43,8
4,0.7174,1.1013,39.9491,8,0.8,0.65,1.0,10,0.45,8
1,0.6871,1.4276,25.0136,5,0.8,0.6415,0.96,11,0.4545,8
5,0.5306,1.7626,39.4848,5,0.72,0.6415,0.96,11,0.4545,8
1,0.4653,1.4947,34.661,5,0.8,0.6415,0.96,11,0.4545,8
3,0.7241,1.4563,13.4786,8,0.85,0.67,1.0,10,0.43,8
3,0.4551,1.1766,48.0211,8,0.8,0.67,1.0,10,0.43,8
4,0.4079,1.2301,21.5499,5,0.72,0.6415,0.96,11,0.4545,8
1,0.5029,0.8346,43.5362,5,0.8,0.6233,0.96,11,0.4727,8
3,0.3336,0.8406,78.4567,5,0.72,0.6415,0.96,11,0.4545,8
5,0.7733,0.818,41.6361,5,0.8,0.6233,0.96,11,0.4727,8
3,0.6045,1.0837,70.2857,8,0.85,0.65,1.0,10,0.45,8
3,0.7785,1.0082,32.5288,5,0.85,0.6233,0.96,11,0.4727,8
1,0.5963,1.9462,34.4724,8,0.8,0.67,1.0,10,0.43,8
4,0.7799,1.2297,73.653,8,0.8,0.65,1.0,10,0.45,8
4,0.5043,1.594,32.3477,5,0.72,0.6415,0.96,11,0.4545,8
1,0.6895,0.9176,5.1815,5,0.72,0.6233,0.96,11,0.4727,8
4,0.3941,1.2852,16.8089,8,0.8,0.67,1.0,10,0.43,8
2,0.6861,0.8194,49.9016,8,0.8,0.65,1.0,10,0.45,8
3,0.4397,0.8429,16.8786,8,0.8,0.65,1.0,10,0.45,8
1,0.4427,1.3513,63.1821,5,0.8,0.6415,0.96,11,0.4545,8
5,0.535,1.866,59.2623,8,0.8,0.67,1.0,10,0.43,8
2,0.301,1.3929,52.6844,5,0.8,0.6415,0.96,11,0.4545,8
4,0.6976,1.7945,30.7727,8,0.8,0.67,1.0,10,0.43,8
2,0.6068,1.7311,10.3435,5,0.72,0.6415,0.96,11,0.4545,8
4,0.4109,1.4397,48.1473,8,0.8,0.67,1.0,10,0.43,8
4,0.4812,0.8157,88.2058,8,0.8,0.65,1.0,10,0.45,8
3,0.4765,1.7121,57.7311,5,0.72,0.6415,0.96,11,0.4545,8
2,0.7161,1.7377,59.1761,5,0.8,0.6415,0.96,11,0.4545,8
2,0.4441,1.4001,13.666,5,0.8,0.6415,0.96,11,0.4545,8
4,0.7975,1.4077,9.945,5,0.8,0.6233,0.96,11,0.4727,8
4,0.672,1.9563,42.8405,5,0.8,0.6415,0.96,11,0.4545,8
5,0.7283,1.0491,37.4812,5,0.8,0.6233,0.96,11,0.4727,8
1,0.3981,1.0646,45.7508,5,0.85,0.6415,0.96,11,0.4545,8
3,0.593,1.734,13.8197,5,0.85,0.6415,0.96,11,0.4545,8
4,0.7758,1.7058,7.666,5,0.72,0.6415,0.96,11,0.4545,8
1,0.6286,0.8144,31.4892,5,0.72,0.6233,0.96,11,0.4727,8
1,0.7019,1.6609,15.5336,8,0.8,0.67,1.0,10,0.43,8
2,0.5891,1.0566,29.8703,5,0.72,0.6233,0.96,11,0.4727,8
5,0.5409,1.9396,68.6954,8,0.8,0.67,1.0,10,0.43,8
2,0.5465,1.7255,6.6846,8,0.8,0.67,1.0,10,0.43,8
5,0.5922,1.2709,6.4759,5,0.72,0.6415,0.96,11,0.4545,8
2,0.6966,0.8218,30.4597,5,0.72,0.6233,0.96,11,0.4727,8
4,0.5704,0.8546,37.9845,8,0.8,0.65,1.0,10,0.45,8
5,0.3117,1.4448,73.2752,8,0.8,0.67,1.0,10,0.43,8
4,0.5324,1.5784,64.1918,5,0.8,0.6415,0.96,11,0.4545,8
5,0.3949,1.4132,86.2569,5,0.72,0.6415,0.96,11,0.4545,8
3,0.5509,1.0378,71.7829,8,0.85,0.65,1.0,10,0.45,8
2,0.5601,1.8756,32.9583,5,0.8,0.6415,0.96,11,0.4545,8
3,0.4887,1.6045,13.6872,8,0.8,0.67,1.0,10,0.43,8
3,0.6625,0.9145,58.0838,8,0.85,0.65,1.0,10,0.45,8
3,0.7974,1.5112,7.9912,5,0.77,0.6233,0.96,11,0.4727,8
5,0.7999,1.6732,37.0999,5,0.72,0.6415,0.96,11,0.4545,8
